diseases,medication
panic disorder,"sertraline, paroxetine,alprazolam,clonazepam,venlafaxine,propranolol,escitalopram"
vocal cord polyp,"prednisone (short course), omeprazole (if reflux),no primary drug list (voice rest primary),fluticasone nasal spray"
turner syndrome,"somatropin (growth hormone), estradiol,progesterone,levothyroxine (if thyroid involved),calcium + vitamin D"
cryptorchidism,"hCG injection, testosterone enanthate,gonadorelin analogs,surgical correction primary"
poisoning due to ethylene glycol,"fomepizole, ethanol (IV),sodium bicarbonate,thiamine,pyridoxine,hemodialysis supportive"
atrophic vaginitis,"estradiol vaginal cream, ospemifene,prasterone vaginal insert,vaginal moisturizer (non-hormonal)"
fracture of the hand,"acetaminophen, ibuprofen,oxytocin (short-term opioid if severe),calcium + vitamin D"
cellulitis or abscess of mouth,"amoxicillin-clavulanate, clindamycin,metronidazole,acetaminophen,drainage primary"
eye alignment disorder,"atropine eye drops, botulinum toxin injection,prism glasses (no drug),surgery primary"
headache after lumbar puncture,"caffeine (oral/IV), acetaminophen,ibuprofen,theophylline,epidural blood patch"
pyloric stenosis,"IV fluids + electrolytes (supportive), no primary medication,surgical pyloromyotomy"
salivary gland disorder,"amoxicillin-clavulanate, pilocarpine,ibuprofen,prednisone (inflammatory)"
osteochondrosis,"ibuprofen, naproxen,acetaminophen,chondroitin + glucosamine (supportive)"
injury to the knee,"ibuprofen, acetaminophen,corticosteroid injection (intra-articular),opioid short-term"
metabolic disorder,"metformin (if diabetic component), insulin,levocarnitine,vitamin supplements (tailored)"
vaginitis,"metronidazole (oral/gel), clotrimazole,fluconazole,tinidazole"
sick sinus syndrome,"atropine (acute bradycardia), theophylline,pacemaker primary (no chronic drug list)"
tinnitus of unknown cause,"amitriptyline, alprazolam,ginkgo biloba (limited evidence),no curative drug"
glaucoma,"timolol eye drops, latanoprost eye drops,dorzolamide eye drops,brimonidine eye drops,acetazolamide"
eating disorder,"fluoxetine, olanzapine,cyproheptadine,nutritional supplements (multivitamin)"
transient ischemic attack,"aspirin, clopidogrel,atorvastatin,heparin (acute)"
pyelonephritis,"ciprofloxacin, ceftriaxone,levofloxacin,trimethoprim-sulfamethoxazole"
rotator cuff injury,"ibuprofen, acetaminophen,corticosteroid injection,opioid short-term"
chronic pain disorder,"duloxetine, gabapentin,pregabalin,tramadol,amitriptyline"
problem during pregnancy,"prenatal vitamins, folic acid,iron sulfate,labetalol (if hypertensive)"
liver cancer,"sorafenib, lenvatinib,atezolizumab + bevacizumab,supportive (pain meds)"
atelectasis,"bronchodilators (albuterol), acetylcysteine,mucolytics,oxygen supportive"
injury to the hand,"acetaminophen, ibuprofen,opioid short-term,antibiotics if open wound"
choledocholithiasis,"ursodeoxycholic acid, antibiotics (if cholangitis),ERCP primary"
injury to the hip,"ibuprofen, acetaminophen,corticosteroid injection,opioid short-term"
cirrhosis,"lactulose, spironolactone,furosemide,propranolol,rifaximin"
thoracic aortic aneurysm,"beta-blockers (metoprolol), losartan,statins (atorvastatin),surgical repair"
subdural hemorrhage,"mannitol (if raised ICP), anticonvulsants (levetiracetam),surgical evacuation"
diabetic retinopathy,"ranibizumab injection, bevacizumab,laser therapy,anti-VEGF"
fibromyalgia,"duloxetine, pregabalin,gabapentin,milnacipran,amitriptyline"
ischemia of the bowel,"antibiotics (broad-spectrum), heparin,supportive fluids,surgery"
fetal alcohol syndrome,"no specific medication, supportive (multivitamins),thiamine"
peritonitis,"cefotaxime + metronidazole, piperacillin-tazobactam,vancomycin (if MRSA),fluids"
injury to the abdomen,"acetaminophen, ibuprofen,opioid short-term,antibiotics if perforation"
acute pancreatitis,"IV fluids, opioid analgesics (meperidine),antiemetics (ondansetron)"
thrombophlebitis,"heparin, enoxaparin,warfarin or DOAC (rivaroxaban)"
asthma,"albuterol, fluticasone + salmeterol,montelukast,prednisone (exacerbation)"
foreign body in the vagina,"antibiotics (if infection), estrogen cream (postmenopausal),removal primary"
restless leg syndrome,"pramipexole, ropinirole,gabapentin,enacarbil,iron sulfate (if deficient)"
emphysema,"tiotropium, albuterol,salmeterol + fluticasone,roflumilast"
cysticercosis,"albendazole, praziquantel,steroids (dexamethasone),antiepileptics"
induced abortion,"mifepristone + misoprostol, antibiotics (doxycycline prophylactic)"
teething syndrome,"acetaminophen, ibuprofen,topical benzocaine (limited)"
infectious gastroenteritis,"oral rehydration salts, loperamide (non-bloody),antibiotics if bacterial"
acute sinusitis,"amoxicillin-clavulanate, cefuroxime,acetaminophen,pseudoephedrine"
substance-related mental disorder,"naltrexone (alcohol/opioid), buprenorphine,disulfiram,acamprosate"
postpartum depression,"sertraline, fluoxetine,brexanolone (IV),cognitive therapy adjunct"
coronary atherosclerosis,"aspirin, atorvastatin,metoprolol,clopidogrel,ramipril"
spondylitis,"indomethacin, sulfasalazine,etanercept,secukinumab"
pituitary adenoma,"cabergoline (prolactinoma), octreotide,hydrocortisone (if deficient)"
uterine fibroids,"tranexamic acid, levonorgestrel IUD,ulipristal acetate,NSAIDs"
idiopathic nonmenstrual bleeding,"tranexamic acid, combined oral contraceptives,progestin"
chalazion,"erythromycin ointment, warm compress (no drug),steroid injection if persistent"
ovarian torsion,"antibiotics (prophylactic), pain meds (opioids),surgical detorsion"
retinopathy due to high blood pressure,"lisinopril, amlodipine,losartan,anti-VEGF if advanced"
vaginal yeast infection,"fluconazole, clotrimazole cream,miconazole,terconazole"
mastoiditis,"ceftriaxone, vancomycin (if resistant),ciprofloxacin + metronidazole"
lung contusion,"oxygen, analgesics (acetaminophen),antibiotics if infection develops"
hypertrophic obstructive cardiomyopathy (hocm),"metoprolol, verapamil,disopyramide"
ingrown toe nail,"antibiotics (if infected), acetaminophen,soaks (no drug)"
pulmonary eosinophilia,"prednisone, albendazole (if parasitic),montelukast"
corneal disorder,"erythromycin ointment, tobramycin drops,cyclosporine eye drops"
foreign body in the gastrointestinal tract,"no medication (endoscopic removal), laxatives if needed"
endophthalmitis,"vancomycin + ceftazidime (intravitreal), systemic antibiotics"
intestinal malabsorption,"pancrelipase, vitamin B12,folate,calcium + vitamin D"
viral warts,"imiquimod cream, salicylic acid,podophyllin,cryotherapy (no drug)"
hyperhidrosis,"aluminum chloride solution, glycopyrrolate,botulinum toxin injections"
stroke,"aspirin, alteplase (acute),clopidogrel,atorvastatin"
pilonidal cyst,"antibiotics (if infected), acetaminophen,incision and drainage"
crushing injury,"antibiotics (broad), tetanus toxoid,analgesics,fluids"
normal pressure hydrocephalus,"acetazolamide (trial), furosemide,shunt surgery primary"
alopecia,"minoxidil, finasteride,corticosteroids (topical/injection)"
hashimoto thyroiditis,levothyroxine
flat feet,"NSAIDs (ibuprofen), orthotics (no drug)"
nonalcoholic liver disease (nash),"vitamin E, pioglitazone,obeticholic acid,lifestyle primary"
hemarthrosis,"acetaminophen, tranexamic acid,factor replacement (if hemophilia)"
pelvic organ prolapse,"estrogen cream (postmenopausal), pessary (no drug)"
fracture of the arm,"acetaminophen, ibuprofen,opioid short-term,calcium + vitamin D"
coagulation (bleeding) disorder,"tranexamic acid, desmopressin,fresh frozen plasma"
intracranial hemorrhage,"mannitol, anticonvulsants (levetiracetam),reversal agents (if on anticoagulant)"
hyperkalemia,"calcium gluconate, insulin + glucose,sodium polystyrene sulfonate,kayexalate"
cornea infection,"moxifloxacin eye drops, tobramycin + dexamethasone,oral acyclovir (if viral)"
abscess of the lung,"clindamycin, piperacillin-tazobactam,drainage primary"
dengue fever,"acetaminophen, fluids (no aspirin/NSAIDs)"
chronic sinusitis,"amoxicillin-clavulanate, mometasone nasal spray,saline irrigation"
cholesteatoma,"antibiotics (topical), surgical removal primary"
volvulus,"antibiotics, fluids,surgical detorsion"
injury to the finger,"acetaminophen, ibuprofen,antibiotics if open"
atrial fibrillation,"apixaban, metoprolol,amiodarone,digoxin,warfarin"
pinworm infection,"mebendazole, albendazole,pyrantel pamoate"
urethral valves,"antibiotics (if UTI), supportive,surgical ablation"
open wound of the neck,"antibiotics (cephalexin), tetanus toxoid,analgesics"
achalasia,"nifedipine, isosorbide dinitrate,botulinum toxin injection"
conductive hearing loss,"no primary medication, surgical or hearing aid"
abdominal hernia,"antibiotics if strangulated, surgery primary"
cerebral palsy,"baclofen, diazepam,botulinum toxin,physical therapy adjunct"
marijuana abuse,"supportive (no specific), naltrexone (off-label)"
cryptococcosis,"amphotericin B + flucytosine, fluconazole"
obesity,"orlistat, phentermine,liraglutide,semaglutide"
indigestion,"omeprazole, ranitidine,calcium carbonate,simethicone"
bursitis,"ibuprofen, naproxen,corticosteroid injection"
esophageal cancer,"fluorouracil + cisplatin, chemotherapy regimens,surgery/radiation primary"
pulmonary congestion,"furosemide, spironolactone,enalapril"
juvenile rheumatoid arthritis,"methotrexate, etanercept,ibuprofen,prednisone"
actinic keratosis,"5-fluorouracil cream, imiquimod,ingenol mebutate"
acute otitis media,"amoxicillin, cefdinir,acetaminophen,ibuprofen"
astigmatism,no medication (glasses/lasik)
tuberous sclerosis,"everolimus, sirolimus,antiepileptics (vigabatrin)"
empyema,"antibiotics (vancomycin + piperacillin-tazobactam), drainage"
presbyacusis,no medication (hearing aids)
neonatal jaundice,"phototherapy, phenobarbital (rare)"
chronic obstructive pulmonary disease (copd),"tiotropium, albuterol,fluticasone + salmeterol,roflumilast"
dislocation of the elbow,"acetaminophen, ibuprofen,opioid short-term,reduction primary"
spondylosis,"ibuprofen, gabapentin,pregabalin,epidural steroid injection"
herpangina,"acetaminophen, ibuprofen,supportive"
injury to the shoulder,"ibuprofen, acetaminophen,corticosteroid injection"
poisoning due to antidepressants,"supportive care, activated charcoal,sodium bicarbonate (if TCA)"
infection of open wound,"cephalexin, amoxicillin-clavulanate,doxycycline"
deep vein thrombosis (dvt),"enoxaparin, rivaroxaban,apixaban,warfarin"
protein deficiency,"protein supplements, multivitamins"
myoclonus,"clonazepam, valproate,levetiracetam"
bone spur of the calcaneous,"ibuprofen, acetaminophen,corticosteroid injection"
von willebrand disease,"desmopressin, tranexamic acid,von Willebrand factor concentrate"
open wound of the back,"antibiotics (if infected), tetanus toxoid,analgesics"
heart block,"atropine (acute), isoproterenol,pacemaker primary"
colonic polyp,no medication (polypectomy)
magnesium deficiency,"magnesium oxide, magnesium sulfate IV"
female infertility of unknown cause,"clomiphene, letrozole,gonadotropins"
pericarditis,"ibuprofen, colchicine,prednisone,aspirin (high-dose)"
attention deficit hyperactivity disorder (adhd),"methylphenidate, amphetamine salts,atomoxetine,guanfacine"
pulmonic valve disease,no specific drug (valve replacement)
tietze syndrome,"ibuprofen, naproxen,corticosteroid injection"
cranial nerve palsy,"steroids (prednisone), antivirals (if viral)"
injury to the arm,"acetaminophen, ibuprofen,opioid short-term"
conversion disorder,"SSRIs (sertraline), supportive therapy"
complex regional pain syndrome,"gabapentin, pregabalin,duloxetine,corticosteroids"
otosclerosis,no medication (surgery/stapedectomy)
injury to the trunk,"acetaminophen, ibuprofen,opioid short-term"
hypothyroidism,levothyroxine
primary insomnia,"zolpidem, eszopiclone,melatonin,trazodone"
lice,"permethrin, malathion,ivermectin (oral)"
vitamin b12 deficiency,"vitamin B12 (cyanocobalamin), folic acid"
diabetes,"metformin, insulin glargine,empagliflozin,semaglutide"
vulvodynia,"amitriptyline, gabapentin,lidocaine cream"
endometriosis,"combined oral contraceptives, leuprolide,naproxen"
vasculitis,"prednisone, cyclophosphamide,rituximab"
concussion,"acetaminophen, ibuprofen (avoid NSAIDs if bleed risk)"
oral leukoplakia,no specific drug (biopsy/excision)
chronic kidney disease,"enalapril, atorvastatin,erythropoietin,phosphate binders"
bladder disorder,"oxybutynin, tamsulosin (if outlet)"
chorioretinitis,"pyrimethamine + sulfadiazine (if toxo), steroids"
priapism,"pseudoephedrine, terbutaline,phenylephrine injection"
myositis,"prednisone, methotrexate,azathioprine"
mononucleosis,"acetaminophen, supportive (no antivirals routine)"
neuralgia,"gabapentin, carbamazepine,pregabalin,duloxetine"
polycystic kidney disease,"tolvaptan, lisinopril"
bipolar disorder,"lithium, valproate,quetiapine,lamotrigine"
amyloidosis,"chemotherapy (bortezomib), supportive"
chronic inflammatory demyelinating polyneuropathy (cidp),"prednisone, IVIG,plasma exchange"
gastroesophageal reflux disease (gerd),"omeprazole, pantoprazole,ranitidine"
vitreous hemorrhage,"anti-VEGF (if diabetic), surgery"
poisoning due to antimicrobial drugs,"supportive, activated charcoal"
open wound of the mouth,"antibiotics (amoxicillin), analgesics,chlorhexidine rinse"
scleroderma,"prednisone, methotrexate,bosentan (pulmonary)"
myasthenia gravis,"pyridostigmine, prednisone,azathioprine"
hypoglycemia,"glucose (oral/IV), glucagon"
idiopathic absence of menstruation,"combined oral contraceptives, progesterone"
dislocation of the ankle,"acetaminophen, ibuprofen,opioid short-term,reduction"
carbon monoxide poisoning,"100% oxygen, hyperbaric oxygen"
panic attack,"alprazolam, lorazepam,sertraline (preventive)"
plantar fasciitis,"ibuprofen, acetaminophen,corticosteroid injection"
hyperopia,no medication (glasses)
poisoning due to sedatives,"supportive, flumazenil (benzodiazepine)"
pemphigus,"prednisone, rituximab,azathioprine"
peyronie disease,"pentoxifylline, verapamil injection,colchicine"
hiatal hernia,"omeprazole, ranitidine,surgery if severe"
extrapyramidal effect of drugs,"benztropine, diphenhydramine"
meniere disease,"betahistine, meclizine,diuretics (hydrochlorothiazide)"
anal fissure,"nitroglycerin ointment, diltiazem cream,lidocaine"
allergy,"loratadine, cetirizine,fexofenadine,montelukast"
chronic otitis media,"ofloxacin ear drops, ciprofloxacin + dexamethasone"
fracture of the finger,"acetaminophen, ibuprofen,opioid short-term"
hirschsprung disease,"antibiotics (if enterocolitis), surgery primary"
polymyalgia rheumatica,"prednisone, methotrexate"
lymphedema,"diuretics (limited), compression (no drug)"
bladder cancer,"gemcitabine + cisplatin, BCG intravesical"
acute bronchospasm,"albuterol, ipratropium,prednisone"
acute glaucoma,"acetazolamide, timolol eye drops,mannitol IV"
open wound of the chest,"antibiotics (cephalexin), tetanus toxoid"
dislocation of the patella,"acetaminophen, ibuprofen,opioid short-term,reduction"
sciatica,"ibuprofen, gabapentin,pregabalin,prednisone (short)"
hypercalcemia,"zoledronic acid, calcitonin,hydration"
stress incontinence,"duloxetine, estrogen cream (postmenopausal)"
varicose veins,"horse chestnut extract (limited), compression (no drug)"
benign kidney cyst,no medication (aspiration if symptomatic)
hydrocele of the testicle,"antibiotics if infected, surgery primary"
degenerative disc disease,"ibuprofen, gabapentin,epidural steroid"
hirsutism,"combined oral contraceptives, spironolactone,finasteride"
dislocation of the foot,"acetaminophen, ibuprofen,opioid short-term"
hydronephrosis,"antibiotics (if infection), tamsulosin"
diverticulosis,"antibiotics (if diverticulitis), fiber supplements"
pain after an operation,"acetaminophen, ibuprofen,oxycodone,ketorolac"
huntington disease,"tetrabenazine, haloperidol,olanzapine"
lymphoma,rituximab + cyclophosphamide + doxorubicin + vincristine + prednisone (R-CHOP)
dermatitis due to sun exposure,"betamethasone cream, hydrocortisone"
anemia due to chronic kidney disease,"erythropoietin, darbepoetin,iron sucrose"
injury to internal organ,"fluids, transfusions,supportive"
scleritis,"prednisone, methotrexate,cyclophosphamide"
pterygium,"artificial tears, steroid eye drops,surgery"
fungal infection of the skin,"terbinafine cream, clotrimazole,ketoconazole"
insulin overdose,"glucose (IV), glucagon"
syndrome of inappropriate secretion of adh (siadh),"fluid restriction, tolvaptan,demeclocycline"
foreign body in the ear,"antibiotics if infection, removal primary"
premenstrual tension syndrome,"SSRIs (fluoxetine), combined oral contraceptives,spironolactone"
orbital cellulitis,"vancomycin + ceftriaxone, metronidazole"
injury to the leg,"acetaminophen, ibuprofen,opioid short-term"
hepatic encephalopathy,"lactulose, rifaximin"
bone cancer,"doxorubicin + cisplatin, methotrexate,supportive"
syringomyelia,"no specific drug, surgery (shunt)"
pulmonary fibrosis,"pirfenidone, nintedanib,prednisone (inflammatory)"
mitral valve disease,"warfarin (if AF), diuretics (furosemide),beta-blockers"
parkinson disease,"levodopa + carbidopa, pramipexole,rasagiline"
gout,"colchicine, allopurinol,febuxostat,indomethacin"
otitis media,"amoxicillin, cefdinir,acetaminophen"
drug abuse (opioids),"buprenorphine-naloxone, methadone,naltrexone"
myelodysplastic syndrome,"azacitidine, lenalidomide,supportive transfusions"
fracture of the shoulder,"acetaminophen, ibuprofen,opioid short-term"
acute kidney injury,"IV fluids, furosemide (if volume overload),supportive"
threatened pregnancy,"progesterone (vaginal), bed rest"
intracranial abscess,"ceftriaxone + metronidazole + vancomycin, surgery"
gum disease,"chlorhexidine rinse, amoxicillin-clavulanate"
open wound from surgical incision,"antibiotics (cephalexin), wound care"
gastrointestinal hemorrhage,"pantoprazole, octreotide,tranexamic acid"
seborrheic dermatitis,"ketoconazole shampoo, betamethasone lotion"
drug abuse (methamphetamine),"supportive (no specific antidote), benzodiazepines for agitation"
torticollis,"botulinum toxin, benzodiazepines (diazepam)"
poisoning due to antihypertensives,"supportive, IV fluids,glucagon (beta-blocker)"
tension headache,"acetaminophen, ibuprofen,naproxen"
alcohol intoxication,"supportive, thiamine,glucose"
scurvy,ascorbic acid (vitamin C)
narcolepsy,"modafinil, sodium oxybate,amphetamines"
food allergy,"epinephrine auto-injector, cetirizine,ranitidine"
labyrinthitis,"meclizine, scopolamine patch,prednisone"
anxiety,"sertraline, escitalopram,lorazepam,buspirone"
impulse control disorder,"SSRIs (fluoxetine), lithium (if bipolar)"
stenosis of the tear duct,"antibiotics (if dacryocystitis), surgery"
abscess of nose,"amoxicillin-clavulanate, incision and drainage"
omphalitis,"cefotaxime, vancomycin (if MRSA)"
leukemia,"imatinib (CML), vincristine + prednisone + asparaginase (ALL),chemotherapy"
bell palsy,"prednisone, acyclovir,valacyclovir"
conjunctivitis due to allergy,"olopatadine eye drops, cetirizine"
drug reaction,"antihistamines (diphenhydramine), prednisone,epinephrine (if anaphylaxis)"
adrenal cancer,"mitotane, chemotherapy (etoposide + doxorubicin + cisplatin)"
myopia,no medication (glasses/lasik)
osteoarthritis,"acetaminophen, ibuprofen,naproxen,duloxetine"
thyroid disease,"levothyroxine (hypo), methimazole (hyper)"
pharyngitis,"penicillin V, amoxicillin,acetaminophen"
chronic rheumatic fever,"penicillin G benzathine (prophylaxis), aspirin"
hypocalcemia,"calcium gluconate, calcitriol,vitamin D"
macular degeneration,"ranibizumab, bevacizumab,aflibercept"
pneumonia,"amoxicillin, azithromycin,levofloxacin,ceftriaxone"
cold sore,"acyclovir, valacyclovir,famciclovir"
premature ventricular contractions (pvcs),"metoprolol, amiodarone (if frequent)"
testicular cancer,bleomycin + etoposide + cisplatin (BEP)
hydrocephalus,"acetazolamide, furosemide,shunt surgery"
breast cancer,"tamoxifen, anastrozole,docetaxel + trastuzumab"
anemia due to malignancy,"erythropoietin, darbepoetin,transfusions"
esophageal varices,"octreotide, propranolol,band ligation"
endometrial cancer,"progesterone, carboplatin + paclitaxel"
cystic fibrosis,"dornase alfa, ivacaftor,tobramycin inhalation"
intertrigo (skin condition),"clotrimazole, ketoconazole,barrier cream"
parathyroid adenoma,"cinacalcet, hydration,surgery primary"
glucocorticoid deficiency,"hydrocortisone, fludrocortisone"
temporomandibular joint disorder,"ibuprofen, naproxen,amitriptyline"
wilson disease,"penicillamine, trientine,zinc acetate"
vesicoureteral reflux,"antibiotics (prophylactic trimethoprim), surgery"
vitamin a deficiency,vitamin A supplements
gonorrhea,ceftriaxone + azithromycin
fracture of the rib,"acetaminophen, ibuprofen,opioid short-term"
ependymoma,"chemotherapy (vincristine + cisplatin), surgery/radiation"
hepatitis due to a toxin,"N-acetylcysteine (acetaminophen), supportive"
vaginal cyst,"antibiotics if infected, surgery"
open wound of the shoulder,"antibiotics, analgesics"
ectopic pregnancy,"methotrexate, surgery"
chronic knee pain,"acetaminophen, duloxetine,gabapentin"
pinguecula,"artificial tears, steroid drops if inflamed"
hypergammaglobulinemia,"no specific, underlying treatment"
alcohol abuse,"naltrexone, disulfiram,acamprosate"
carpal tunnel syndrome,"ibuprofen, pregabalin,corticosteroid injection"
pituitary disorder,"hydrocortisone, levothyroxine,desmopressin"
kidney stone,"tamsulosin, ketorolac,allopurinol (if uric acid)"
autism,no specific medication (risperidone for irritability)
cat scratch disease,"azithromycin, rifampin (severe)"
chronic glaucoma,"latanoprost, timolol,brimonidine"
retinal detachment,no medication (surgery)
aplastic anemia,"antithymocyte globulin, cyclosporine"
overflow incontinence,"oxybutynin, tamsulosin"
hemolytic anemia,"prednisone, rituximab"
lateral epicondylitis (tennis elbow),"ibuprofen, corticosteroid injection"
open wound of the eye,"antibiotics (erythromycin), surgery if needed"
syphilis,"penicillin G benzathine, doxycycline (allergy)"
diabetic kidney disease,"lisinopril, losartan,empagliflozin"
nose disorder,"fluticasone nasal spray, ipratropium nasal"
drug withdrawal,"clonidine (opioid), benzodiazepines (alcohol)"
dental caries,"antibiotics (if abscess), analgesics"
hypercholesterolemia,"atorvastatin, rosuvastatin,ezetimibe"
fracture of the patella,"acetaminophen, ibuprofen,opioid short-term"
kidney failure,"erythropoietin, phosphate binders,diuretics"
fracture of the neck,"acetaminophen, opioids,supportive"
muscle spasm,"cyclobenzaprine, diazepam"
hemophilia,"factor VIII or IX concentrate, desmopressin"
hyperosmotic hyperketotic state,"insulin, fluids,electrolytes"
peritonsillar abscess,"penicillin + metronidazole, clindamycin,drainage"
gastroparesis,"metoclopramide, erythromycin,domperidone"
itching of unknown cause,"hydroxyzine, diphenhydramine,loratadine"
polycythemia vera,"hydroxyurea, aspirin,interferon alfa"
thrombocytopenia,"prednisone, IVIG,rituximab"
head and neck cancer,"cisplatin + 5-fluorouracil, cetuximab"
pseudohypoparathyroidism,"calcium + vitamin D, calcitriol"
goiter,"levothyroxine (if hypo), methimazole (if hyper)"
urge incontinence,"oxybutynin, tolterodine,solifenacin"
edward syndrome,supportive (no specific medication)
open wound of the arm,"antibiotics, analgesics"
muscular dystrophy,"deflazacort (Duchenne), supportive"
mittelschmerz,"ibuprofen, acetaminophen,combined oral contraceptives (preventive)"
corneal abrasion,"erythromycin ointment, cycloplegics (cyclopentolate)"
anemia of chronic disease,"erythropoietin, iron"
dysthymic disorder,"sertraline, fluoxetine,bupropion"
scarlet fever,"penicillin V, amoxicillin,acetaminophen"
hypertensive heart disease,"lisinopril, metoprolol,amlodipine"
drug abuse (barbiturates),"supportive, phenobarbital taper"
polycystic ovarian syndrome (pcos),"combined oral contraceptives, metformin,spironolactone"
encephalitis,"acyclovir (viral), antibiotics (bacterial),steroids"
cyst of the eyelid,"erythromycin ointment, incision if needed"
balanitis,"clotrimazole, fluconazole,betamethasone"
foreign body in the throat,"antibiotics if infection, removal"
drug abuse (cocaine),"supportive, benzodiazepines for agitation"
optic neuritis,"methylprednisolone, interferon beta (if MS)"
alcohol withdrawal,"lorazepam, diazepam,thiamine"
premature atrial contractions (pacs),"metoprolol, verapamil"
hemiplegia,supportive (aspirin if stroke)
hammer toe,"acetaminophen, orthotics (no drug)"
open wound of the cheek,"antibiotics, analgesics"
joint effusion,"ibuprofen, corticosteroid injection"
open wound of the knee,"antibiotics, analgesics"
meningioma,no medication (surgery/radiation)
brain cancer,"temozolomide, bevacizumab,chemotherapy"
placental abruption,"supportive (blood transfusion), delivery"
seasonal allergies (hay fever),"cetirizine, fluticasone nasal spray,montelukast"
lung cancer,"carboplatin + paclitaxel, pembrolizumab,osimertinib (EGFR)"
primary kidney disease,"ACE inhibitors (lisinopril), steroids if glomerulonephritis"
uterine cancer,"medroxyprogesterone, carboplatin + paclitaxel"
dry eye of unknown cause,"cyclosporine eye drops, artificial tears,lifitegrast"
fibrocystic breast disease,"caffeine reduction (no drug), danazol,NSAIDs"
fungal infection of the hair,"terbinafine, itraconazole,griseofulvin"
tooth abscess,"amoxicillin, clindamycin,acetaminophen"
envenomation from spider or animal bite,"antivenom (specific), antibiotics,tetanus"
vacterl syndrome,"supportive (no specific medication), surgery for defects"
vertebrobasilar insufficiency,"aspirin, clopidogrel,statins"
rectal disorder,"mesalamine (if IBD), loperamide"
atonic bladder,"bethanechol, oxybutynin"
benign paroxysmal positional vertical (bppv),"meclizine, diazepam,canalith repositioning (no drug)"
blepharospasm,botulinum toxin injections
sarcoidosis,"prednisone, methotrexate,infliximab"
metastatic cancer,"palliative chemotherapy (varies), opioids for pain"
trigger finger (finger disorder),"corticosteroid injection, NSAIDs"
stye,"erythromycin ointment, warm compress"
hemochromatosis,"deferasirox, phlebotomy primary"
osteochondroma,"no medication, surgery if symptomatic"
cushing syndrome,"ketoconazole, metyrapone,pasireotide,surgery"
typhoid fever,"ceftriaxone, azithromycin,ciprofloxacin"
vitreous degeneration,no medication (observation)
atrophic skin condition,"moisturizers (no drug), topical steroids"
aspergillosis,"voriconazole, amphotericin B,isavuconazole"
uterine atony,"oxytocin, methylergonovine,carboprost"
trichinosis,"albendazole, mebendazole,steroids"
whooping cough,"azithromycin, erythromycin,supportive"
open wound of the lip,"antibiotics, analgesics"
subacute thyroiditis,"ibuprofen, prednisone,beta-blockers"
oral mucosal lesion,"clotrimazole (if candida), triamcinolone paste"
open wound due to trauma,"antibiotics, tetanus toxoid"
intracerebral hemorrhage,"mannitol, anticonvulsants"
alzheimer disease,"donepezil, memantine,galantamine"
vaginismus,"no specific drug (topical lidocaine), botulinum toxin (off-label)"
systemic lupus erythematosis (sle),"hydroxychloroquine, prednisone,mycophenolate"
premature ovarian failure,hormone replacement (estradiol)
thoracic outlet syndrome,no medication (surgery/PT)
ganglion cyst,"NSAIDs (ibuprofen), aspiration"
dislocation of the knee,"acetaminophen, ibuprofen,opioid short-term"
crohn disease,"mesalamine, budesonide,infliximab,azathioprine"
postoperative infection,"vancomycin, piperacillin-tazobactam"
folate deficiency,folic acid
fluid overload,"furosemide, spironolactone"
atrial flutter,"metoprolol, diltiazem,apixaban"
skin disorder,"hydrocortisone, betamethasone (topical)"
floaters,no medication (observation)
tooth disorder,"amoxicillin, acetaminophen"
heart attack,"aspirin, clopidogrel,heparin,atorvastatin,metoprolol"
open wound of the abdomen,"antibiotics, analgesics"
fracture of the leg,"acetaminophen, ibuprofen,opioid short-term"
oral thrush (yeast infection),"nystatin suspension, fluconazole"
pityriasis rosea,"antihistamines (cetirizine), hydrocortisone cream"
allergy to animals,"cetirizine, fluticasone nasal spray"
orthostatic hypotension,"fludrocortisone, midodrine"
obstructive sleep apnea (osa),"no medication (CPAP), modafinil (daytime)"
hypokalemia,potassium chloride
psoriasis,"betamethasone, calcipotriene,methotrexate,secukinumab"
dislocation of the shoulder,"acetaminophen, ibuprofen,opioid short-term"
intussusception,"supportive, surgery/air enema"
cervicitis,azithromycin + ceftriaxone (if STI)
abscess of the pharynx,"penicillin, clindamycin,drainage"
primary thrombocythemia,"hydroxyurea, anagrelide,aspirin"
arthritis of the hip,"ibuprofen, acetaminophen,corticosteroid injection"
decubitus ulcer,antibiotics if infected (varies)
hypernatremia,fluid replacement (hypotonic)
sensorineural hearing loss,no medication (steroids if acute)
chronic ulcer,"antibiotics if infected, pentoxifylline"
osteoporosis,"alendronate, denosumab,calcium + vitamin D"
ileus,supportive (no prokinetics routine)
sickle cell crisis,"hydroxyurea, oxycodone,hydration"
urethritis,"azithromycin, ceftriaxone,doxycycline"
prostatitis,"ciprofloxacin, trimethoprim-sulfamethoxazole"
otitis externa (swimmer's ear),ciprofloxacin + dexamethasone ear drops
poisoning due to anticonvulsants,"supportive, activated charcoal"
testicular torsion,"no medication, surgery"
tricuspid valve disease,"diuretics, furosemide"
urethral stricture,"antibiotics if infection, surgery"
vitamin d deficiency,cholecalciferol (vitamin D3)
hydatidiform mole,"methotrexate (if persistent), surgery"
pain disorder affecting the neck,"ibuprofen, gabapentin"
tuberculosis,isoniazid + rifampin + pyrazinamide + ethambutol
pelvic fistula,"antibiotics, surgery"
acute bronchiolitis,"albuterol (trial), supportive"
presbyopia,no medication (reading glasses)
dementia,"donepezil, memantine"
insect bite,"hydrocortisone, antihistamine (cetirizine)"
paroxysmal ventricular tachycardia,"amiodarone, lidocaine,adenosine"
congenital heart defect,"prostaglandin E1 (ductal), diuretics"
connective tissue disorder,"prednisone, hydroxychloroquine"
foreign body in the eye,"antibiotics (erythromycin), removal"
poisoning due to gas,"oxygen, supportive"
pyogenic skin infection,"cephalexin, dicloxacillin"
endometrial hyperplasia,"medroxyprogesterone, levonorgestrel IUD"
acanthosis nigricans,metformin (if insulin resistance)
central atherosclerosis,"atorvastatin, aspirin"
viral exanthem,"acetaminophen, supportive"
noninfectious gastroenteritis,"loperamide, oral rehydration"
benign prostatic hyperplasia (bph),"tamsulosin, finasteride,dutasteride"
menopause,"hormone replacement (estradiol), venlafaxine"
primary immunodeficiency,"IVIG, antibiotics (prophylactic)"
ovarian cancer,"carboplatin + paclitaxel, bevacizumab"
cataract,no medication (surgery)
dislocation of the hip,"acetaminophen, ibuprofen,opioid short-term"
spinal stenosis,"gabapentin, ibuprofen,epidural steroid"
intestinal obstruction,"supportive (NG tube), surgery"
heart contusion,supportive (beta-blockers if arrhythmia)
congenital malformation syndrome,supportive (no specific)
sporotrichosis,"itraconazole, amphotericin B (severe)"
lymphangitis,"cephalexin, clindamycin"
wernicke korsakoff syndrome,thiamine IV
intestinal disease,"mesalamine (if IBD), loperamide"
acute bronchitis,"albuterol (if wheeze), acetaminophen"
persistent vomiting of unknown cause,"ondansetron, metoclopramide"
open wound of the foot,"antibiotics, analgesics"
myocarditis,"supportive (ACE inhibitors), steroids if autoimmune"
preeclampsia,"magnesium sulfate, labetalol,nifedipine"
ischemic heart disease,"aspirin, metoprolol,atorvastatin"
neurofibromatosis,no medication (surgery for tumors)
chickenpox,"acyclovir (if severe), supportive"
pancreatic cancer,"gemcitabine + nab-paclitaxel, FOLFIRINOX"
neuropathy due to drugs,"gabapentin, duloxetine,pregabalin"
croup,"dexamethasone, epinephrine nebulized"
idiopathic excessive menstruation,"tranexamic acid, combined oral contraceptives"
amblyopia,"atropine eye drops, patching"
meckel diverticulum,"no medication, surgery if bleeding"
dislocation of the wrist,"acetaminophen, ibuprofen,opioid short-term"
ear drum damage,"antibiotics (ofloxacin drops), surgery"
erectile dysfunction,"sildenafil, tadalafil,vardenafil"
temporary or benign blood in urine,supportive (no drug)
kidney disease due to longstanding hypertension,"lisinopril, losartan"
chondromalacia of the patella,"ibuprofen, physical therapy"
onychomycosis,"terbinafine, itraconazole,ciclopirox"
urethral disorder,antibiotics if infection
lyme disease,"doxycycline, amoxicillin,cefuroxime"
iron deficiency anemia,"ferrous sulfate, ferrous gluconate"
acute respiratory distress syndrome (ards),supportive (no specific drug)
toxic multinodular goiter,"methimazole, propranolol"
open wound of the finger,"antibiotics, analgesics"
autonomic nervous system disorder,"fludrocortisone, midodrine"
psychosexual disorder,"SSRIs (if anxiety component), no primary"
anemia,"ferrous sulfate, erythropoietin,folic acid"
tendinitis,"ibuprofen, naproxen,corticosteroid injection"
common cold,"acetaminophen, pseudoephedrine,loratadine"
amyotrophic lateral sclerosis (als),"riluzole, edaravone"
central retinal artery or vein occlusion,"aspirin, anti-VEGF"
paroxysmal supraventricular tachycardia,"adenosine, verapamil,metoprolol"
venous insufficiency,"horse chestnut (limited), compression"
trichomonas infection,"metronidazole, tinidazole"
acne,"benzoyl peroxide, clindamycin topical,adapalene,doxycycline"
depression,"sertraline, escitalopram,bupropion,venlafaxine"
drug abuse,"naltrexone (opioid/alcohol), buprenorphine"
urinary tract obstruction,"tamsulosin, antibiotics if infection"
diabetes insipidus,"desmopressin, hydrochlorothiazide"
iridocyclitis,"steroid eye drops, cycloplegics"
varicocele of the testicles,"no medication, surgery"
irritable bowel syndrome,"dicyclomine, linaclotide,eluxadoline"
fracture of the foot,"acetaminophen, ibuprofen,opioid short-term"
ovarian cyst,"combined oral contraceptives (preventive), ibuprofen"
chlamydia,"azithromycin, doxycycline"
parasitic disease,"albendazole, ivermectin,praziquantel"
fracture of the jaw,"acetaminophen, ibuprofen,opioid short-term,antibiotics"
lipoma,"no medication, surgical removal"
female genitalia infection,"metronidazole, fluconazole"
pulmonary hypertension,"sildenafil, bosentan,treprostinil"
thyroid nodule,"levothyroxine (suppression), methimazole"
broken tooth,"antibiotics (if abscess), acetaminophen"
dumping syndrome,"octreotide, acarbose"
lymphadenitis,antibiotics (varies by cause)
injury to the face,"acetaminophen, ibuprofen,antibiotics if open"
aortic valve disease,"warfarin (if AF), diuretics"
rheumatoid arthritis,"methotrexate, etanercept,hydroxychloroquine"
spermatocele,"no medication, surgery if symptomatic"
impetigo,"mupirocin ointment, cephalexin"
anal fistula,"antibiotics, metronidazole,surgery"
hypothermia,"supportive (rewarming), no drug"
oppositional disorder,"risperidone (if severe), SSRIs"
migraine,"sumatriptan, rizatriptan,propranolol (preventive)"
diabetic peripheral neuropathy,"gabapentin, duloxetine,pregabalin"
testicular disorder,antibiotics if infection
gestational diabetes,"insulin (preferred), metformin"
hidradenitis suppurativa,"clindamycin + rifampin, adalimumab"
valley fever,"fluconazole, itraconazole,amphotericin B"
conjunctivitis due to bacteria,"erythromycin ointment, tobramycin drops"
lewy body dementia,"rivastigmine, levodopa (for parkinsonism)"
multiple myeloma,"lenalidomide + dexamethasone, bortezomib"
head injury,"mannitol (if edema), anticonvulsants"
ascending cholangitis,"piperacillin-tazobactam, ceftriaxone + metronidazole"
idiopathic irregular menstrual cycle,"combined oral contraceptives, progestin"
interstitial lung disease,"prednisone, nintedanib"
mononeuritis,"steroids (prednisone), IVIG"
malaria,"artemether-lumefantrine, atovaquone-proguanil"
somatization disorder,"SSRIs (sertraline), amitriptyline"
hypovolemia,IV fluids (normal saline)
schizophrenia,"risperidone, olanzapine,quetiapine"
knee ligament or meniscus tear,"ibuprofen, acetaminophen,opioid short-term"
endocarditis,"vancomycin + gentamicin, ceftriaxone"
sepsis,"piperacillin-tazobactam, vancomycin,meropenem"
heat stroke,"supportive (cooling), no specific drug"
cholecystitis,"cefazolin + metronidazole, piperacillin-tazobactam"
cardiac arrest,"epinephrine, amiodarone (per ACLS)"
cardiomyopathy,"metoprolol, enalapril,spironolactone"
social phobia,"sertraline, venlafaxine,propranolol (as needed)"
meningitis,"ceftriaxone + vancomycin, dexamethasone,acyclovir"
spherocytosis,"folate, supportive"
hormone disorder,"levothyroxine (hypo), hydrocortisone"
raynaud disease,"nifedipine, amlodipine"
reactive arthritis,"NSAIDs (indomethacin), sulfasalazine"
scabies,"permethrin cream, ivermectin"
ear wax impaction,carbamide peroxide drops
hypertension of pregnancy,"labetalol, nifedipine,methyldopa"
peripheral arterial embolism,"heparin, alteplase"
rosacea,"metronidazole gel, doxycycline,ivermectin cream"
fracture of the skull,"supportive, mannitol if edema"
uveitis,"steroid eye drops, prednisone"
fracture of the facial bones,"acetaminophen, ibuprofen,antibiotics"
tracheitis,antibiotics (varies)
jaw disorder,"ibuprofen, amitriptyline"
perirectal infection,"metronidazole + ciprofloxacin, drainage"
breast cyst,"NSAIDs, drainage if symptomatic"
post-traumatic stress disorder (ptsd),"sertraline, paroxetine,prazosin"
kidney cancer,"sunitinib, pazopanib,axitinib"
vulvar cancer,"chemotherapy (cisplatin), surgery primary"
blepharitis,"erythromycin ointment, artificial tears"
celiac disease,gluten-free diet (no drug)
cystitis,"nitrofurantoin, trimethoprim-sulfamethoxazole"
sickle cell anemia,"hydroxyurea, penicillin (prophylaxis)"
subconjunctival hemorrhage,artificial tears (no drug)
hemorrhoids,"hydrocortisone cream, lidocaine,psyllium"
contact dermatitis,"hydrocortisone, betamethasone"
sinus bradycardia,"atropine (acute), pacemaker"
high blood pressure,"lisinopril, amlodipine,losartan,hydrochlorothiazide"
pelvic inflammatory disease,ceftriaxone + doxycycline
liver disease,supportive (ursodeoxycholic if cholestatic)
chronic constipation,"polyethylene glycol, lactulose,senna"
thyroid cancer,"levothyroxine (suppression), radioiodine"
flu,"oseltamivir, zanamivir"
friedrich ataxia,supportive (no specific)
tic (movement) disorder,"haloperidol, clonidine"
skin polyp,no medication (removal)
brachial neuritis,"prednisone, analgesics"
cervical cancer,"cisplatin + radiation, bevacizumab"
adrenal adenoma,"spironolactone (if Conn), surgery"
esophagitis,"omeprazole, pantoprazole"
gas gangrene,"penicillin G + clindamycin, hyperbaric oxygen"
yeast infection,"fluconazole, clotrimazole"
spina bifida,"folic acid (preventive), supportive"
drug poisoning due to medication,"supportive, antidotes (specific)"
alcoholic liver disease,"thiamine, prednisolone (if hepatitis)"
malignant hypertension,"labetalol, nitroprusside IV"
diverticulitis,ciprofloxacin + metronidazole
moyamoya disease,"aspirin, surgery"
heat exhaustion,"oral rehydration, supportive"
psychotic disorder,"olanzapine, risperidone"
frostbite,"supportive (rewarming), tissue plasminogen activator (selected cases)"
atrophy of the corpus cavernosum,no specific drug
smoking or tobacco addiction,"varenicline, bupropion,nicotine replacement"
sprain or strain,"ibuprofen, acetaminophen"
essential tremor,"propranolol, primidone,topiramate"
open wound of the ear,"antibiotics, analgesics"
foreign body in the nose,"antibiotics if infection, removal"
idiopathic painful menstruation,"ibuprofen, naproxen,combined oral contraceptives"
down syndrome,supportive (no specific medication)
idiopathic infrequent menstruation,"progesterone, combined oral contraceptives"
pneumothorax,"oxygen, chest tube"
de quervain disease,"ibuprofen, corticosteroid injection"
fracture of the vertebra,"acetaminophen, opioids,calcitonin"
human immunodeficiency virus infection (hiv),tenofovir + emtricitabine + dolutegravir
mumps,supportive (no antiviral)
subarachnoid hemorrhage,"nimodipine, mannitol"
acute fatty liver of pregnancy (aflp),"supportive, delivery"
ectropion,"artificial tears, surgery"
scar,silicone gel sheets (no drug)
lactose intolerance,lactase enzyme
eustachian tube dysfunction (ear disorder),"pseudoephedrine, nasal steroids"
appendicitis,"cefoxitin, metronidazole + ciprofloxacin,surgery"
graves disease,"methimazole, propranolol,radioiodine"
dissociative disorder,SSRIs (sertraline)
open wound of the face,"antibiotics, analgesics"
dislocation of the vertebra,"supportive, surgery"
phimosis,"steroid cream (betamethasone), surgery"
hyperemesis gravidarum,"pyridoxine + doxylamine, ondansetron"
pregnancy,"prenatal vitamins, folic acid"
thalassemia,"folic acid, transfusions"
placenta previa,"supportive, delivery (no drug)"
epidural hemorrhage,"surgical evacuation, mannitol"
septic arthritis,vancomycin + ceftriaxone
athlete's foot,"terbinafine cream, clotrimazole"
pleural effusion,"diuretics (if heart failure), antibiotics if infected"
aphakia,no medication (intraocular lens)
vulvar disorder,"estrogen cream, steroids"
sialoadenitis,"amoxicillin-clavulanate, pilocarpine"
gynecomastia,"tamoxifen (if painful), surgery"
urinary tract infection,"nitrofurantoin, trimethoprim-sulfamethoxazole"
histoplasmosis,"itraconazole, amphotericin B"
erythema multiforme,"supportive, antihistamines"
scoliosis,no medication (bracing/surgery)
bunion,"NSAIDs, surgery"
arrhythmia,"metoprolol, amiodarone,digoxin"
trigeminal neuralgia,"carbamazepine, gabapentin,oxcarbazepine"
ankylosing spondylitis,"indomethacin, adalimumab,secukinumab"
peripheral nerve disorder,"gabapentin, pregabalin"
sebaceous cyst,"antibiotics if infected, surgery"
poisoning due to antipsychotics,"supportive, benztropine (extrapyramidal)"
neurosis,SSRIs (sertraline)
prostate cancer,"leuprolide, bicalutamide,abiraterone"
cerebral edema,"mannitol, dexamethasone"
dislocation of the finger,"acetaminophen, ibuprofen,opioid short-term"
birth trauma,supportive
chronic pancreatitis,"pancrelipase, opioids (pain)"
hematoma,supportive (no drug)
carcinoid syndrome,octreotide
open wound of the head,"antibiotics, analgesics"
seborrheic keratosis,no medication (cryotherapy)
burn,"silver sulfadiazine, acetaminophen"
spontaneous abortion,misoprostol (if incomplete)
genital herpes,"acyclovir, valacyclovir,famciclovir"
adjustment reaction,SSRIs short-term
gallstone,"ursodeoxycholic acid, surgery"
multiple sclerosis,"interferon beta, glatiramer acetate,fingolimod"
zenker diverticulum,"no medication, surgery"
fracture of the pelvis,"acetaminophen, opioids,supportive"
pneumoconiosis,supportive (no drug)
hyperlipidemia,"atorvastatin, rosuvastatin"
ulcerative colitis,"mesalamine, prednisone,infliximab"
male genitalia infection,"doxycycline, ceftriaxone"
hpv,"imiquimod (warts), podofilox"
angina,"aspirin, metoprolol,nitroglycerin,atorvastatin"
injury to the spinal cord,"methylprednisolone (acute), supportive"
nasal polyp,"mometasone nasal spray, omalizumab"
lichen simplex,"hydrocortisone, betamethasone"
trichiasis,"artificial tears, surgery"
acariasis,"permethrin, ivermectin"
colorectal cancer,5-fluorouracil + leucovorin + oxaliplatin
skin pigmentation disorder,"hydroquinone, retinoids"
factitious disorder,supportive (no drug)
lymphogranuloma venereum,doxycycline
galactorrhea of unknown cause,cabergoline
g6pd enzyme deficiency,avoid triggers (no drug)
nerve impingement near the shoulder,"gabapentin, NSAIDs"
toxoplasmosis,pyrimethamine + sulfadiazine
fibroadenoma,"no medication, surgery if needed"
open wound of the hand,"antibiotics, analgesics"
missed abortion,misoprostol
diabetic ketoacidosis,"insulin, fluids,electrolytes"
granuloma inguinale,"doxycycline, azithromycin"
obsessive compulsive disorder (ocd),"fluoxetine, sertraline,clomipramine"
injury of the ankle,"acetaminophen, ibuprofen,opioid short-term"
hyponatremia,"fluid restriction, tolvaptan,3% saline (severe)"
stricture of the esophagus,"proton pump inhibitors (omeprazole), dilation primary"
fracture of the ankle,"acetaminophen, ibuprofen,opioid short-term"
soft tissue sarcoma,doxorubicin + ifosfamide
bone disorder,"alendronate, calcium + vitamin D"
epilepsy,"levetiracetam, valproate,lamotrigine"
personality disorder,SSRIs (if comorbid)
shingles (herpes zoster),"valacyclovir, famciclovir,gabapentin"
tourette syndrome,"haloperidol, clonidine,risperidone"
avascular necrosis,"alendronate (limited), surgery"
strep throat,"penicillin V, amoxicillin"
spinocerebellar ataxia,supportive (no specific)
osteomyelitis,"vancomycin, cefepime,surgery"
sjogren syndrome,"pilocarpine, cevimeline,hydroxychloroquine"
adhesive capsulitis of the shoulder,"corticosteroid injection, NSAIDs"
viral hepatitis,"entecavir (HBV), sofosbuvir (HCV)"
tonsillar hypertrophy,"antibiotics if infection, surgery"
gastritis,"omeprazole, amoxicillin + clarithromycin (if H. pylori)"
skin cancer,"5-fluorouracil (topical), imiquimod"
rheumatic fever,"penicillin, aspirin"
aphthous ulcer,"triamcinolone paste, chlorhexidine"
tonsillitis,"penicillin V, amoxicillin"
intestinal cancer,5-fluorouracil + oxaliplatin
rocky mountain spotted fever,doxycycline
stomach cancer,fluorouracil + cisplatin
developmental disability,supportive (no specific)
acute stress reaction,lorazepam short-term
delirium,"haloperidol, supportive"
callus,salicylic acid pads
guillain barre syndrome,"IVIG, plasma exchange"
lumbago,"ibuprofen, gabapentin"
deviated nasal septum,no medication (surgery)
hemangioma,"propranolol, steroids"
peripheral arterial disease,"cilostazol, aspirin,atorvastatin"
chronic back pain,"ibuprofen, gabapentin,duloxetine"
heart failure,"enalapril, carvedilol,spironolactone,furosemide"
conjunctivitis,"artificial tears, olopatadine (allergic)"
herniated disk,"ibuprofen, prednisone,gabapentin"
rhabdomyolysis,"IV fluids, supportive"
breast infection (mastitis),"dicloxacillin, cephalexin"
abdominal aortic aneurysm,"beta-blockers (metoprolol), surgery"
pulmonary embolism,"heparin, enoxaparin,apixaban"
conduct disorder,"risperidone (severe), stimulants if ADHD"
mastectomy,supportive (no drug)
epididymitis,doxycycline + ceftriaxone
premature rupture of amniotic membrane,"antibiotics (ampicillin), corticosteroids"
molluscum contagiosum,"imiquimod, cantharidin"
necrotizing fasciitis,"vancomycin + piperacillin-tazobactam + clindamycin, surgery"
benign vaginal discharge (leukorrhea),no medication (hygiene)
bladder obstruction,"tamsulosin, antibiotics"
melanoma,"dabrafenib + trametinib, pembrolizumab"
cervical disorder,"antibiotics if infection, surgery"
laryngitis,supportive (no antibiotics routine)
dyshidrosis,"topical steroids, antihistamines"
poisoning due to opioids,naloxone
diaper rash,"zinc oxide cream, nystatin"
lichen planus,"topical steroids (clobetasol), antihistamines"
gastroduodenal ulcer,"omeprazole, amoxicillin + clarithromycin"
inguinal hernia,"no medication, surgery"
eczema,"hydrocortisone, betamethasone,moisturizers"
asperger syndrome,supportive (no drug)
mucositis,"benzydamine rinse, magic mouthwash"
paronychia,"antibiotics (cephalexin), antifungal if candida"
open wound of the jaw,"antibiotics, analgesics"
white blood cell disease,supportive (varies)
kaposi sarcoma,"antiretrovirals (HIV), doxorubicin"
spondylolisthesis,"ibuprofen, gabapentin"
pseudotumor cerebri,"acetazolamide, topiramate"
conjunctivitis due to virus,supportive (no antibiotics)
open wound of the nose,"antibiotics, analgesics"
