diseases,diet
panic disorder," Eat regular balanced meals to stabilize blood sugar,  Include omega-3 rich foods like salmon for brain health,  Limit caffeine and alcohol to prevent triggers,  Consume complex carbohydrates such as whole grains for steady energy."
vocal cord polyp," Drink plenty of water to keep vocal cords hydrated,  Eat soft, non-irritating foods to avoid throat strain,  Include anti-inflammatory foods like turmeric and ginger,  Avoid spicy, acidic, or caffeinated items that worsen reflux."
turner syndrome," Consume calcium-rich foods and vitamin D for bone health,  Eat protein sources for growth support,  Include iron-rich foods to prevent anemia,  Follow a balanced diet with fruits and vegetables for overall development."
cryptorchidism," Eat a nutrient-dense diet with zinc for testicular health,  Include healthy fats like avocados for hormone production,  Consume antioxidant-rich berries to reduce oxidative stress,  Maintain adequate protein intake for tissue repair."
poisoning due to ethylene glycol," Drink clear fluids and electrolyte solutions for hydration,  Eat bland foods like bananas and rice once stable,  Include thiamine-rich foods such as whole grains,  Avoid alcohol and acidic items during recovery."
atrophic vaginitis," Eat soy products for natural estrogen support,  Consume omega-3 fatty acids from fish for tissue health,  Include vitamin E-rich foods like nuts,  Stay hydrated with water and herbal teas."
fracture of the hand," Eat calcium-rich dairy or fortified plant milks,  Consume vitamin D sources like fortified cereals,  Include protein from lean meats or beans for bone repair,  Add vitamin C-rich fruits for collagen formation."
cellulitis or abscess of mouth," Eat soft, cool foods like yogurt and smoothies,  Consume vitamin C-rich citrus for immune support,  Include zinc-rich foods like pumpkin seeds,  Stay hydrated with water and avoid irritants."
eye alignment disorder," Eat lutein-rich leafy greens for eye health,  Consume omega-3 from fish for retinal support,  Include vitamin A sources like carrots,  Maintain balanced meals with fruits and vegetables."
headache after lumbar puncture," Drink plenty of caffeinated beverages if tolerated,  Eat hydrating fruits like watermelon,  Consume balanced meals with protein and carbs,  Include magnesium-rich foods like nuts."
pyloric stenosis," Feed frequent small amounts of formula or breast milk,  Include electrolyte solutions if dehydrated,  Eat pureed foods post-surgery,  Maintain hydration with oral rehydration salts."
salivary gland disorder," Eat sour foods like lemon to stimulate saliva,  Consume moist foods and soups,  Include vitamin C-rich fruits,  Stay hydrated with frequent sips of water."
osteochondrosis," Eat calcium and vitamin D-rich foods for bone growth,  Consume anti-inflammatory omega-3 from fish,  Include protein for cartilage repair,  Maintain balanced meals with fruits and vegetables."
injury to the knee," Eat protein-rich foods for tissue repair,  Consume anti-inflammatory turmeric and ginger,  Include vitamin C from citrus for healing,  Stay hydrated and eat balanced meals."
metabolic disorder," Follow specialized low-sugar or low-fat diet as prescribed,  Eat frequent small meals,  Include enzyme-rich foods if needed,  Consume vitamin supplements as directed."
vaginitis," Eat probiotic yogurt for vaginal flora balance,  Consume garlic for natural antimicrobial effects,  Include cranberry for urinary health,  Maintain hydration with water."
sick sinus syndrome," Eat heart-healthy foods like oats and fish,  Consume potassium-rich bananas for rhythm support,  Include magnesium from nuts,  Maintain balanced meals with limited caffeine."
tinnitus of unknown cause," Eat antioxidant-rich berries for nerve health,  Consume zinc from seeds,  Include vitamin B12 sources like eggs,  Limit salt and caffeine."
glaucoma," Eat leafy greens rich in lutein,  Consume omega-3 from fish,  Include vitamin C from fruits,  Maintain balanced diet with antioxidants."
eating disorder," Eat regular balanced meals with supervision,  Include nutrient-dense foods like nuts and fruits,  Consume protein sources for muscle health,  Stay hydrated with water."
transient ischemic attack," Eat heart-healthy Mediterranean diet,  Consume omega-3 from fish,  Include potassium-rich bananas,  Limit salt and processed foods."
pyelonephritis," Drink cranberry juice for urinary health,  Eat vitamin C-rich fruits,  Consume plenty of water,  Include probiotics from yogurt."
rotator cuff injury," Eat protein for muscle repair,  Consume anti-inflammatory foods like turmeric,  Include vitamin C for collagen,  Maintain balanced meals."
chronic pain disorder," Eat anti-inflammatory omega-3 foods,  Consume magnesium-rich greens,  Include turmeric and ginger,  Maintain regular balanced meals."
problem during pregnancy," Eat prenatal vitamin-rich foods like leafy greens,  Consume folic acid sources such as beans,  Include iron from lean meats,  Stay hydrated with water."
liver cancer," Eat small frequent meals,  Consume high-protein foods if tolerated,  Include antioxidant fruits,  Avoid alcohol and processed foods."
atelectasis," Eat hydrating fruits,  Consume vitamin C-rich foods,  Include protein for lung repair,  Maintain balanced meals."
injury to the hand," Eat calcium-rich dairy,  Consume vitamin D sources,  Include protein for healing,  Add vitamin C fruits."
choledocholithiasis," Eat low-fat meals,  Consume fiber-rich vegetables,  Include lean proteins,  Stay hydrated."
injury to the hip," Eat protein for muscle repair,  Consume calcium-rich foods,  Include anti-inflammatory spices,  Maintain balanced diet."
cirrhosis," Eat small frequent high-calorie meals,  Consume moderate protein,  Include low-sodium foods,  Avoid alcohol completely."
thoracic aortic aneurysm," Eat heart-healthy low-sodium diet,  Consume potassium-rich bananas,  Include omega-3 fish,  Limit caffeine."
subdural hemorrhage," Eat balanced meals post-stabilization,  Consume vitamin K-rich greens if on warfarin,  Include protein,  Stay hydrated."
diabetic retinopathy," Eat low-glycemic index foods,  Consume leafy greens for lutein,  Include omega-3 fish,  Maintain carbohydrate control."
fibromyalgia," Eat anti-inflammatory Mediterranean diet,  Consume magnesium-rich foods,  Include omega-3 sources,  Maintain regular balanced meals."
ischemia of the bowel," Eat low-fat, easily digestible foods,  Consume clear fluids initially,  Include probiotics,  Avoid high-fiber during acute phase."
fetal alcohol syndrome," Eat nutrient-dense foods for brain development,  Consume omega-3 for neurological support,  Include protein,  Maintain balanced meals."
peritonitis," Eat clear liquids initially,  Consume easily digestible foods post-recovery,  Include probiotics from yogurt,  Stay hydrated."
injury to the abdomen," Eat NPO or clear liquids initially,  Consume soft foods after clearance,  Include protein for healing,  Maintain hydration."
acute pancreatitis," Eat NPO initially then low-fat diet,  Consume small frequent meals,  Include clear fluids,  Avoid alcohol and fat."
thrombophlebitis," Eat anti-inflammatory foods,  Consume omega-3 from fish,  Include vitamin E-rich nuts,  Maintain hydration."
asthma," Eat vitamin C-rich fruits,  Consume omega-3 from fish,  Include magnesium-rich greens,  Avoid food triggers like sulfites."
foreign body in the vagina," Eat probiotic yogurt,  Consume vitamin C fruits,  Include balanced meals,  Stay hydrated."
restless leg syndrome," Eat iron-rich foods if deficient,  Consume magnesium from nuts,  Include folate-rich greens,  Maintain regular meals."
emphysema," Eat small frequent meals,  Consume high-protein foods,  Include antioxidant fruits,  Avoid gas-producing foods."
cysticercosis," Eat cooked foods only,  Consume balanced meals,  Include probiotics,  Maintain hydration."
induced abortion," Eat iron-rich foods for blood loss,  Consume protein for recovery,  Include vitamin C fruits,  Stay hydrated."
teething syndrome," Eat soft cool foods like yogurt,  Consume chilled fruits,  Include calcium-rich dairy,  Maintain hydration."
infectious gastroenteritis," Eat BRAT diet (bananas, rice, applesauce, toast),  Consume oral rehydration solutions,  Include probiotics,  Avoid dairy and fat."
acute sinusitis," Eat vitamin C-rich fruits,  Consume spicy foods if tolerated for drainage,  Include garlic,  Stay hydrated."
substance-related mental disorder," Eat balanced meals to stabilize mood,  Consume omega-3 for brain health,  Include B-vitamin rich foods,  Avoid caffeine and sugar."
postpartum depression," Eat omega-3 rich fish,  Consume iron-rich foods,  Include complex carbs,  Maintain regular meals."
coronary atherosclerosis," Eat Mediterranean diet with olive oil,  Consume omega-3 fish,  Include oats for cholesterol,  Limit saturated fats."
spondylitis," Eat anti-inflammatory Mediterranean diet,  Consume omega-3 from fish,  Include calcium-rich foods,  Maintain balanced meals."
pituitary adenoma," Eat balanced meals,  Consume calcium if deficient,  Include iodine-rich foods,  Maintain hydration."
uterine fibroids," Eat iron-rich foods for bleeding,  Consume green leafy vegetables,  Include flaxseeds for hormone balance,  Maintain balanced diet."
idiopathic nonmenstrual bleeding," Eat iron-rich foods,  Consume vitamin C for absorption,  Include balanced meals,  Stay hydrated."
chalazion," Eat anti-inflammatory foods,  Consume omega-3,  Include vitamin A-rich carrots,  Maintain hydration."
ovarian torsion," Eat balanced meals post-surgery,  Consume protein for healing,  Include iron if bleeding,  Stay hydrated."
retinopathy due to high blood pressure," Eat low-sodium diet,  Consume leafy greens,  Include berries for antioxidants,  Maintain blood sugar control."
vaginal yeast infection," Eat probiotic yogurt,  Consume garlic,  Include low-sugar foods,  Stay hydrated."
mastoiditis," Eat vitamin C-rich fruits,  Consume protein,  Include zinc-rich foods,  Maintain hydration."
lung contusion," Eat protein for repair,  Consume vitamin C,  Include antioxidant fruits,  Stay hydrated."
hypertrophic obstructive cardiomyopathy (hocm)," Eat low-sodium heart-healthy diet,  Consume potassium-rich foods,  Include omega-3,  Limit caffeine."
ingrown toe nail," Eat balanced meals,  Consume vitamin C for healing,  Include protein,  Stay hydrated."
pulmonary eosinophilia," Eat anti-parasitic foods like garlic if applicable,  Consume anti-inflammatory diet,  Include vitamin C,  Maintain balanced meals."
corneal disorder," Eat lutein-rich greens,  Consume vitamin A carrots,  Include omega-3 fish,  Maintain hydration."
foreign body in the gastrointestinal tract," Eat soft foods after removal,  Consume fiber if advised,  Include balanced meals,  Stay hydrated."
endophthalmitis," Eat balanced meals post-treatment,  Consume vitamin C,  Include protein,  Maintain hydration."
intestinal malabsorption," Eat gluten-free if celiac,  Consume enzyme supplements with meals,  Include vitamin-rich foods,  Eat small frequent meals."
viral warts," Eat immune-boosting vitamin C foods,  Consume zinc-rich seeds,  Include balanced meals,  Maintain hydration."
hyperhidrosis," Eat balanced meals,  Consume magnesium-rich foods,  Include B-vitamins,  Limit spicy foods."
stroke," Eat Mediterranean diet,  Consume omega-3 fish,  Include potassium-rich bananas,  Limit salt."
pilonidal cyst," Eat high-fiber diet,  Consume balanced meals,  Include protein,  Stay hydrated."
crushing injury," Eat high-protein foods,  Consume vitamin C,  Include antioxidants,  Maintain hydration."
normal pressure hydrocephalus," Eat balanced meals,  Consume low-sodium if fluid retention,  Include protein,  Stay hydrated."
alopecia," Eat biotin-rich eggs,  Consume iron from spinach,  Include zinc from nuts,  Maintain balanced meals."
hashimoto thyroiditis," Eat selenium-rich Brazil nuts,  Consume iodine in moderation,  Include anti-inflammatory foods,  Maintain balanced diet."
flat feet," Eat calcium-rich foods,  Consume vitamin D,  Include protein,  Maintain balanced meals."
nonalcoholic liver disease (nash)," Eat Mediterranean diet,  Consume low-sugar foods,  Include omega-3,  Maintain weight-loss friendly meals."
hemarthrosis," Eat vitamin K-rich greens if clotting issue,  Consume protein,  Include iron if bleeding,  Maintain balanced meals."
pelvic organ prolapse," Eat high-fiber to prevent constipation,  Consume protein,  Include balanced meals,  Stay hydrated."
fracture of the arm," Eat calcium and vitamin D foods,  Consume protein for repair,  Include vitamin C,  Maintain balanced meals."
coagulation (bleeding) disorder," Eat vitamin K-rich foods in moderation,  Consume balanced meals,  Include iron if anemic,  Stay hydrated."
intracranial hemorrhage," Eat balanced meals post-stabilization,  Consume vitamin K if on warfarin,  Include protein,  Maintain hydration."
hyperkalemia," Eat low-potassium diet if prescribed,  Consume balanced meals,  Include low-potassium fruits,  Avoid salt substitutes."
cornea infection," Eat vitamin A-rich carrots,  Consume vitamin C,  Include zinc,  Maintain balanced meals."
abscess of the lung," Eat high-protein foods,  Consume vitamin C,  Include zinc,  Maintain balanced meals."
dengue fever," Eat papaya leaf extract if advised,  Consume hydrating fluids,  Include vitamin C fruits,  Eat soft foods."
chronic sinusitis," Eat vitamin C-rich foods,  Consume spicy items if tolerated,  Include garlic,  Stay hydrated."
cholesteatoma," Eat balanced meals,  Consume vitamin C,  Include protein,  Maintain hydration."
volvulus," Eat high-fiber post-recovery,  Consume small meals,  Include balanced diet,  Stay hydrated."
injury to the finger," Eat protein for repair,  Consume vitamin C,  Include calcium,  Maintain balanced meals."
atrial fibrillation," Eat heart-healthy Mediterranean diet,  Consume omega-3 fish,  Include potassium-rich foods,  Limit alcohol and caffeine."
pinworm infection," Eat high-fiber foods,  Consume pumpkin seeds,  Include balanced meals,  Maintain hygiene-related hydration."
urethral valves," Eat balanced meals,  Consume adequate fluids,  Include protein,  Maintain hydration."
open wound of the neck," Eat soft foods initially,  Consume protein for healing,  Include vitamin C,  Stay hydrated."
achalasia," Eat soft pureed foods,  Consume small frequent meals,  Include liquids with meals,  Avoid tough meats."
conductive hearing loss," Eat balanced meals,  Consume omega-3,  Include zinc,  Maintain hydration."
abdominal hernia," Eat high-fiber to prevent constipation,  Consume small meals,  Include protein,  Stay hydrated."
cerebral palsy," Eat nutrient-dense pureed foods if needed,  Consume balanced meals,  Include calcium,  Maintain hydration."
marijuana abuse," Eat balanced meals for mood stability,  Consume omega-3,  Include B-vitamins,  Avoid triggers."
cryptococcosis," Eat balanced meals,  Consume protein,  Include vitamin-rich foods,  Stay hydrated."
obesity," Eat calorie-controlled balanced meals,  Consume high-fiber vegetables,  Include lean protein,  Limit processed sugars."
indigestion," Eat small frequent meals,  Consume low-fat foods,  Include ginger,  Avoid spicy and caffeine."
bursitis," Eat anti-inflammatory foods,  Consume omega-3,  Include turmeric,  Maintain balanced meals."
esophageal cancer," Eat small frequent soft meals,  Consume high-calorie shakes,  Include protein,  Stay hydrated."
pulmonary congestion," Eat low-sodium diet,  Consume potassium-rich foods,  Include balanced meals,  Limit fluids if restricted."
juvenile rheumatoid arthritis," Eat anti-inflammatory Mediterranean diet,  Consume omega-3 fish,  Include calcium,  Maintain balanced meals."
actinic keratosis," Eat antioxidant-rich berries,  Consume beta-carotene vegetables,  Include vitamin C,  Maintain balanced meals."
acute otitis media," Eat vitamin C-rich fruits,  Consume zinc foods,  Include probiotics,  Stay hydrated."
astigmatism," Eat lutein-rich greens,  Consume vitamin A carrots,  Include omega-3,  Maintain balanced meals."
tuberous sclerosis," Eat balanced meals,  Consume anti-seizure diet if prescribed,  Include protein,  Maintain hydration."
empyema," Eat high-protein foods,  Consume vitamin C,  Include zinc,  Maintain balanced meals."
presbyacusis," Eat omega-3 fish,  Consume zinc-rich seeds,  Include vitamin B12,  Maintain balanced meals."
neonatal jaundice," Feed breast milk or formula frequently,  Consume maternal vitamin-rich diet,  Include fluids,  Maintain hydration."
chronic obstructive pulmonary disease (copd)," Eat small frequent meals,  Consume high-protein foods,  Include antioxidants,  Avoid gas-producing foods."
dislocation of the elbow," Eat protein for repair,  Consume vitamin C,  Include calcium,  Maintain balanced meals."
spondylosis," Eat anti-inflammatory diet,  Consume calcium-rich foods,  Include omega-3,  Maintain balanced meals."
herpangina," Eat soft cool foods,  Consume hydrating popsicles,  Include vitamin C,  Stay hydrated."
injury to the shoulder," Eat protein,  Consume anti-inflammatory foods,  Include vitamin C,  Maintain balanced meals."
poisoning due to antidepressants," Eat bland foods after stabilization,  Consume balanced meals,  Include fluids,  Avoid alcohol."
infection of open wound," Eat vitamin C-rich foods,  Consume zinc,  Include protein,  Maintain balanced meals."
deep vein thrombosis (dvt)," Eat omega-3 fish,  Consume vitamin E nuts,  Include balanced meals,  Stay hydrated."
protein deficiency," Eat high-protein foods at every meal,  Consume supplements if needed,  Include balanced meals,  Maintain hydration."
myoclonus," Eat balanced meals,  Consume magnesium-rich foods,  Include omega-3,  Maintain regular eating."
bone spur of the calcaneous," Eat calcium-rich foods,  Consume anti-inflammatory diet,  Include vitamin C,  Maintain balanced meals."
von willebrand disease," Eat vitamin K-rich foods in moderation,  Consume iron if bleeding,  Include balanced meals,  Stay hydrated."
open wound of the back," Eat protein for healing,  Consume vitamin C,  Include zinc,  Maintain balanced meals."
heart block," Eat heart-healthy foods,  Consume potassium-rich bananas,  Include magnesium,  Maintain balanced meals."
colonic polyp," Eat high-fiber diet,  Consume fruits and vegetables,  Include whole grains,  Maintain balanced meals."
magnesium deficiency," Eat magnesium-rich spinach and nuts,  Consume whole grains,  Include bananas,  Maintain balanced meals."
female infertility of unknown cause," Eat folate-rich leafy greens,  Consume omega-3 fish,  Include antioxidants,  Maintain balanced meals."
pericarditis," Eat anti-inflammatory diet,  Consume omega-3,  Include turmeric,  Maintain balanced meals."
attention deficit hyperactivity disorder (adhd)," Eat protein-rich breakfast,  Consume omega-3 fish,  Include complex carbs,  Limit sugar."
pulmonic valve disease," Eat heart-healthy diet,  Consume low-sodium foods,  Include balanced meals,  Maintain hydration."
tietze syndrome," Eat anti-inflammatory foods,  Consume omega-3,  Include turmeric,  Maintain balanced meals."
cranial nerve palsy," Eat balanced meals,  Consume vitamin B-rich foods,  Include antioxidants,  Maintain hydration."
injury to the arm," Eat protein,  Consume vitamin C,  Include calcium,  Maintain balanced meals."
conversion disorder," Eat balanced meals for mood stability,  Consume omega-3,  Include B-vitamins,  Maintain regular eating."
complex regional pain syndrome," Eat anti-inflammatory diet,  Consume omega-3,  Include magnesium,  Maintain balanced meals."
otosclerosis," Eat balanced meals,  Consume calcium,  Include vitamin D,  Maintain hydration."
injury to the trunk," Eat protein for healing,  Consume vitamin C,  Include balanced meals,  Stay hydrated."
hypothyroidism," Eat selenium-rich Brazil nuts,  Consume iodine in moderation,  Include balanced meals,  Avoid goitrogenic foods in excess."
primary insomnia," Eat magnesium-rich foods,  Consume tryptophan from turkey,  Include complex carbs,  Avoid caffeine after noon."
lice," Eat balanced meals,  Consume vitamin-rich foods,  Include protein,  Maintain hydration."
vitamin b12 deficiency," Eat animal products or fortified foods,  Consume B12 supplements if vegan,  Include leafy greens,  Maintain balanced meals."
diabetes," Eat low-glycemic index foods,  Consume balanced carbs with protein,  Include fiber-rich vegetables,  Limit added sugars."
vulvodynia," Eat anti-inflammatory diet,  Consume omega-3,  Include balanced meals,  Avoid irritants like caffeine."
endometriosis," Eat anti-inflammatory Mediterranean diet,  Consume omega-3 fish,  Include fiber-rich foods,  Limit red meat."
vasculitis," Eat anti-inflammatory diet,  Consume omega-3,  Include fruits and vegetables,  Maintain balanced meals."
concussion," Eat balanced meals,  Consume omega-3 for brain health,  Include protein,  Stay hydrated."
oral leukoplakia," Eat antioxidant-rich fruits,  Consume vitamin C,  Include balanced meals,  Avoid tobacco and alcohol."
chronic kidney disease," Eat low-sodium, low-potassium diet as prescribed,  Consume controlled protein,  Include balanced meals,  Follow renal dietitian plan."
bladder disorder," Eat bladder-friendly foods,  Consume low-acid fruits,  Include balanced meals,  Limit caffeine and alcohol."
chorioretinitis," Eat balanced meals,  Consume vitamin A,  Include antioxidants,  Maintain hydration."
priapism," Eat balanced meals,  Consume hydration-focused fluids,  Include balanced diet,  Avoid triggers."
myositis," Eat anti-inflammatory diet,  Consume protein,  Include omega-3,  Maintain balanced meals."
mononucleosis," Eat soft bland foods,  Consume hydrating fluids,  Include vitamin C,  Maintain balanced meals."
neuralgia," Eat anti-inflammatory foods,  Consume B-vitamin rich,  Include magnesium,  Maintain balanced meals."
polycystic kidney disease," Eat low-sodium diet,  Consume balanced meals,  Include potassium if allowed,  Stay hydrated."
bipolar disorder," Eat regular balanced meals for mood stability,  Consume omega-3,  Include complex carbs,  Limit caffeine."
amyloidosis," Eat balanced meals,  Consume protein as tolerated,  Include nutrient-dense foods,  Maintain hydration."
chronic inflammatory demyelinating polyneuropathy (cidp)," Eat anti-inflammatory diet,  Consume omega-3,  Include B-vitamins,  Maintain balanced meals."
gastroesophageal reflux disease (gerd)," Eat small frequent meals,  Consume low-fat foods,  Include non-acidic fruits,  Avoid chocolate and caffeine."
vitreous hemorrhage," Eat balanced meals,  Consume vitamin C,  Include antioxidants,  Maintain hydration."
poisoning due to antimicrobial drugs," Eat probiotic yogurt after recovery,  Consume bland foods,  Include balanced meals,  Stay hydrated."
open wound of the mouth," Eat soft cool foods,  Consume vitamin C,  Include protein,  Maintain hydration."
scleroderma," Eat small frequent meals,  Consume soft foods,  Include balanced diet,  Stay hydrated."
myasthenia gravis," Eat soft foods if swallowing difficult,  Consume balanced meals,  Include protein,  Maintain hydration."
hypoglycemia," Eat regular meals with complex carbs,  Consume fast-acting glucose if low,  Include protein with carbs,  Maintain balanced diet."
idiopathic absence of menstruation," Eat balanced meals with healthy fats,  Consume iron-rich foods,  Include calcium,  Maintain regular eating."
dislocation of the ankle," Eat protein for healing,  Consume vitamin C,  Include calcium,  Maintain balanced meals."
carbon monoxide poisoning," Eat balanced meals after recovery,  Consume antioxidants,  Include protein,  Stay hydrated."
panic attack," Eat regular meals to stabilize blood sugar,  Consume omega-3,  Include magnesium-rich foods,  Limit caffeine."
plantar fasciitis," Eat anti-inflammatory foods,  Consume vitamin C,  Include protein,  Maintain balanced meals."
hyperopia," Eat lutein-rich greens,  Consume vitamin A,  Include omega-3,  Maintain balanced meals."
poisoning due to sedatives," Eat bland foods after recovery,  Consume balanced meals,  Include fluids,  Avoid alcohol."
pemphigus," Eat soft foods if mouth involved,  Consume protein,  Include balanced meals,  Maintain hydration."
peyronie disease," Eat balanced meals,  Consume anti-inflammatory diet,  Include vitamin E if advised,  Maintain hydration."
hiatal hernia," Eat small frequent meals,  Consume low-fat foods,  Include non-acidic items,  Avoid large meals."
extrapyramidal effect of drugs," Eat balanced meals,  Consume magnesium,  Include B-vitamins,  Maintain regular eating."
meniere disease," Eat low-sodium diet,  Consume balanced meals,  Include potassium-rich foods,  Limit caffeine and alcohol."
anal fissure," Eat high-fiber foods,  Consume plenty of water,  Include stool softeners via diet,  Avoid spicy foods."
allergy," Eat anti-inflammatory foods,  Consume quercetin-rich onions,  Include omega-3,  Maintain balanced meals."
chronic otitis media," Eat vitamin C-rich foods,  Consume zinc,  Include probiotics,  Maintain balanced meals."
fracture of the finger," Eat protein,  Consume vitamin C,  Include calcium,  Maintain balanced meals."
hirschsprung disease," Eat high-fiber post-surgery,  Consume balanced meals,  Include fluids,  Maintain hydration."
polymyalgia rheumatica," Eat anti-inflammatory diet,  Consume calcium-rich foods,  Include vitamin D,  Maintain balanced meals."
lymphedema," Eat low-sodium diet,  Consume protein,  Include balanced meals,  Maintain hydration."
bladder cancer," Eat balanced meals,  Consume vitamin-rich foods,  Include protein,  Stay hydrated."
acute bronchospasm," Eat vitamin C-rich foods,  Consume magnesium,  Include omega-3,  Maintain balanced meals."
acute glaucoma," Eat balanced meals,  Consume antioxidants,  Include leafy greens,  Maintain hydration."
open wound of the chest," Eat protein for healing,  Consume vitamin C,  Include zinc,  Maintain balanced meals."
dislocation of the patella," Eat protein,  Consume vitamin C,  Include calcium,  Maintain balanced meals."
sciatica," Eat anti-inflammatory foods,  Consume magnesium,  Include turmeric,  Maintain balanced meals."
hypercalcemia," Eat low-calcium diet if prescribed,  Consume balanced meals,  Include hydration-focused fluids,  Avoid excess dairy."
stress incontinence," Eat high-fiber to prevent constipation,  Consume balanced meals,  Include protein,  Maintain hydration."
varicose veins," Eat high-fiber foods,  Consume flavonoid-rich berries,  Include balanced meals,  Stay hydrated."
benign kidney cyst," Eat balanced meals,  Consume low-sodium,  Include hydration,  Maintain regular diet."
hydrocele of the testicle," Eat balanced meals,  Consume protein,  Include balanced diet,  Maintain hydration."
degenerative disc disease," Eat anti-inflammatory diet,  Consume calcium,  Include omega-3,  Maintain balanced meals."
hirsutism," Eat balanced meals,  Consume low-glycemic foods,  Include spearmint tea,  Maintain healthy weight diet."
dislocation of the foot," Eat protein,  Consume vitamin C,  Include calcium,  Maintain balanced meals."
hydronephrosis," Eat balanced meals,  Consume adequate fluids,  Include low-salt,  Maintain hydration."
diverticulosis," Eat high-fiber diet,  Consume fruits and vegetables,  Include whole grains,  Maintain hydration."
pain after an operation," Eat protein for healing,  Consume vitamin C,  Include balanced meals,  Stay hydrated."
huntington disease," Eat balanced meals,  Consume high-calorie if weight loss,  Include protein,  Maintain hydration."
lymphoma," Eat high-protein foods,  Consume nutrient-dense shakes,  Include balanced meals,  Maintain hydration."
dermatitis due to sun exposure," Eat antioxidant-rich berries,  Consume beta-carotene vegetables,  Include vitamin C,  Maintain balanced meals."
anemia due to chronic kidney disease," Eat iron-rich foods,  Consume vitamin C for absorption,  Include balanced meals,  Follow renal diet."
injury to internal organ," Eat NPO initially then soft foods,  Consume protein,  Include balanced meals,  Stay hydrated."
scleritis," Eat anti-inflammatory diet,  Consume omega-3,  Include turmeric,  Maintain balanced meals."
pterygium," Eat lutein-rich greens,  Consume vitamin C,  Include balanced meals,  Maintain hydration."
fungal infection of the skin," Eat probiotic yogurt,  Consume garlic,  Include balanced meals,  Maintain hydration."
insulin overdose," Eat regular meals with carbs,  Consume fast glucose if low,  Include protein,  Maintain balanced diet."
syndrome of inappropriate secretion of adh (siadh)," Eat low-sodium foods,  Consume balanced meals,  Include fluid-restricted diet,  Maintain prescribed intake."
foreign body in the ear," Eat balanced meals,  Consume balanced diet,  Include protein,  Maintain hydration."
premenstrual tension syndrome," Eat complex carbs,  Consume calcium-rich foods,  Include magnesium,  Limit salt and caffeine."
orbital cellulitis," Eat balanced meals post-treatment,  Consume vitamin C,  Include protein,  Maintain hydration."
injury to the leg," Eat protein,  Consume vitamin C,  Include calcium,  Maintain balanced meals."
hepatic encephalopathy," Eat low-protein diet if prescribed,  Consume vegetable protein,  Include balanced meals,  Maintain hydration."
bone cancer," Eat high-protein foods,  Consume calcium,  Include balanced meals,  Maintain hydration."
syringomyelia," Eat balanced meals,  Consume anti-inflammatory diet,  Include protein,  Maintain hydration."
pulmonary fibrosis," Eat small frequent meals,  Consume high-calorie if needed,  Include protein,  Maintain hydration."
mitral valve disease," Eat low-sodium diet,  Consume heart-healthy foods,  Include omega-3,  Maintain balanced meals."
parkinson disease," Eat balanced meals,  Consume protein with levodopa timing,  Include fiber,  Maintain hydration."
gout," Eat low-purine diet,  Consume cherries,  Include low-fat dairy,  Limit alcohol and red meat."
otitis media," Eat vitamin C,  Consume zinc,  Include probiotics,  Maintain balanced meals."
drug abuse (opioids)," Eat balanced meals for recovery,  Consume nutrient-dense foods,  Include B-vitamins,  Maintain hydration."
myelodysplastic syndrome," Eat iron-rich foods if anemic,  Consume balanced meals,  Include protein,  Maintain hydration."
fracture of the shoulder," Eat protein,  Consume vitamin C,  Include calcium,  Maintain balanced meals."
acute kidney injury," Eat low-potassium if restricted,  Consume balanced meals,  Include protein as allowed,  Follow renal diet."
threatened pregnancy," Eat balanced meals,  Consume folic acid-rich foods,  Include iron,  Maintain hydration."
intracranial abscess," Eat balanced meals post-treatment,  Consume protein,  Include vitamin-rich foods,  Maintain hydration."
gum disease," Eat vitamin C-rich foods,  Consume crunchy vegetables,  Include balanced meals,  Maintain hydration."
open wound from surgical incision," Eat protein for healing,  Consume vitamin C,  Include zinc,  Maintain balanced meals."
gastrointestinal hemorrhage," Eat bland soft foods after stabilization,  Consume iron-rich if anemic,  Include balanced meals,  Avoid irritants."
seborrheic dermatitis," Eat balanced meals,  Consume omega-3,  Include B-vitamins,  Maintain hydration."
drug abuse (methamphetamine)," Eat balanced meals for recovery,  Consume nutrient-dense foods,  Include protein,  Maintain hydration."
torticollis," Eat balanced meals,  Consume anti-inflammatory foods,  Include magnesium,  Maintain hydration."
poisoning due to antihypertensives," Eat balanced meals after recovery,  Consume fluids,  Include electrolytes,  Avoid excess salt."
tension headache," Eat regular meals,  Consume magnesium-rich foods,  Include hydration,  Limit caffeine."
alcohol intoxication," Eat bland foods after recovery,  Consume thiamine-rich grains,  Include balanced meals,  Stay hydrated."
scurvy," Eat citrus fruits and vegetables,  Consume vitamin C-rich foods,  Include balanced meals,  Maintain hydration."
narcolepsy," Eat regular meals,  Consume balanced carbs,  Include protein,  Avoid heavy meals."
food allergy," Eat allergen-free balanced meals,  Consume safe protein sources,  Include fruits and vegetables,  Maintain hydration."
labyrinthitis," Eat bland foods,  Consume ginger for nausea,  Include balanced meals,  Stay hydrated."
anxiety," Eat balanced meals,  Consume omega-3,  Include magnesium,  Limit caffeine."
impulse control disorder," Eat regular meals for mood stability,  Consume omega-3,  Include complex carbs,  Maintain balanced diet."
stenosis of the tear duct," Eat balanced meals,  Consume vitamin A,  Include balanced diet,  Maintain hydration."
abscess of nose," Eat balanced meals,  Consume vitamin C,  Include protein,  Maintain hydration."
omphalitis," Eat balanced maternal diet if breastfeeding,  Consume nutrient-rich foods,  Include balanced meals,  Maintain hydration."
leukemia," Eat high-protein foods,  Consume nutrient-dense shakes,  Include balanced meals,  Maintain hydration."
bell palsy," Eat soft foods if chewing difficult,  Consume balanced meals,  Include B-vitamins,  Maintain hydration."
conjunctivitis due to allergy," Eat anti-inflammatory foods,  Consume quercetin-rich onions,  Include omega-3,  Maintain balanced meals."
drug reaction," Eat bland foods if GI involved,  Consume balanced meals,  Include hydration,  Avoid allergens."
adrenal cancer," Eat balanced meals,  Consume nutrient-dense foods,  Include protein,  Maintain hydration."
myopia," Eat lutein-rich greens,  Consume vitamin A,  Include omega-3,  Maintain balanced meals."
osteoarthritis," Eat anti-inflammatory diet,  Consume omega-3 fish,  Include vitamin C,  Maintain balanced meals."
thyroid disease," Eat selenium-rich foods,  Consume balanced meals,  Include iodine moderation,  Maintain hydration."
pharyngitis," Eat soft cool foods,  Consume vitamin C,  Include honey in tea,  Maintain hydration."
chronic rheumatic fever," Eat balanced meals,  Consume heart-healthy foods,  Include balanced diet,  Maintain hydration."
hypocalcemia," Eat calcium-rich dairy or fortified foods,  Consume vitamin D sources,  Include balanced meals,  Maintain hydration."
macular degeneration," Eat lutein-rich leafy greens,  Consume omega-3 fish,  Include vitamin C fruits,  Maintain balanced meals."
pneumonia," Eat high-protein foods,  Consume vitamin C,  Include zinc-rich foods,  Maintain balanced meals."
cold sore," Eat lysine-rich foods like dairy,  Consume vitamin C,  Include balanced meals,  Maintain hydration."
premature ventricular contractions (pvcs)," Eat balanced meals,  Consume magnesium-rich foods,  Include potassium bananas,  Limit caffeine."
testicular cancer," Eat balanced meals,  Consume protein,  Include antioxidants,  Maintain hydration."
hydrocephalus," Eat balanced meals,  Consume low-sodium if fluid issue,  Include protein,  Maintain hydration."
breast cancer," Eat cruciferous vegetables,  Consume omega-3,  Include balanced meals,  Maintain hydration."
anemia due to malignancy," Eat iron-rich foods,  Consume vitamin C,  Include protein,  Maintain balanced meals."
esophageal varices," Eat soft small meals,  Consume low-sodium,  Include balanced diet,  Maintain hydration."
endometrial cancer," Eat balanced meals,  Consume high-fiber,  Include lean protein,  Maintain healthy weight diet."
cystic fibrosis," Eat high-calorie high-fat meals,  Consume pancreatic enzymes with food,  Include salt,  Maintain hydration."
intertrigo (skin condition)," Eat balanced meals,  Consume anti-fungal foods if needed,  Include balanced diet,  Maintain hydration."
parathyroid adenoma," Eat low-calcium if hypercalcemia,  Consume balanced meals,  Include hydration,  Maintain diet per doctor."
glucocorticoid deficiency," Eat balanced meals,  Consume sodium-rich if needed,  Include protein,  Maintain hydration."
temporomandibular joint disorder," Eat soft foods,  Consume balanced meals,  Include anti-inflammatory,  Maintain hydration."
wilson disease," Eat low-copper diet,  Consume balanced meals,  Include zinc-rich foods,  Maintain hydration."
vesicoureteral reflux," Eat balanced meals,  Consume adequate fluids,  Include cranberry if advised,  Maintain hydration."
vitamin a deficiency," Eat carrots and leafy greens,  Consume liver or fortified foods,  Include balanced meals,  Maintain hydration."
gonorrhea," Eat balanced meals,  Consume vitamin C,  Include zinc,  Maintain hydration."
fracture of the rib," Eat protein,  Consume vitamin C,  Include calcium,  Maintain balanced meals."
ependymoma," Eat balanced meals,  Consume protein,  Include nutrient-dense foods,  Maintain hydration."
hepatitis due to a toxin," Eat bland low-fat foods,  Consume balanced meals,  Include hydration,  Avoid alcohol."
vaginal cyst," Eat balanced meals,  Consume balanced diet,  Include protein,  Maintain hydration."
open wound of the shoulder," Eat protein,  Consume vitamin C,  Include zinc,  Maintain balanced meals."
ectopic pregnancy," Eat iron-rich foods after treatment,  Consume protein,  Include balanced meals,  Maintain hydration."
chronic knee pain," Eat anti-inflammatory foods,  Consume omega-3,  Include protein,  Maintain balanced meals."
pinguecula," Eat lutein-rich greens,  Consume vitamin C,  Include balanced meals,  Maintain hydration."
hypergammaglobulinemia," Eat balanced meals,  Consume protein,  Include balanced diet,  Maintain hydration."
alcohol abuse," Eat balanced meals for recovery,  Consume thiamine-rich foods,  Include protein,  Maintain hydration."
carpal tunnel syndrome," Eat anti-inflammatory diet,  Consume B6-rich foods,  Include balanced meals,  Maintain hydration."
pituitary disorder," Eat balanced meals,  Consume nutrient-dense foods,  Include protein,  Maintain hydration."
kidney stone," Eat low-oxalate foods,  Consume citrus for citrate,  Include balanced meals,  Maintain high fluid intake."
autism," Eat balanced meals,  Consume omega-3,  Include nutrient-dense foods,  Maintain regular eating."
cat scratch disease," Eat balanced meals,  Consume vitamin C,  Include protein,  Maintain hydration."
chronic glaucoma," Eat leafy greens,  Consume omega-3,  Include antioxidants,  Maintain balanced meals."
retinal detachment," Eat balanced meals post-surgery,  Consume vitamin C,  Include protein,  Maintain hydration."
aplastic anemia," Eat iron-rich if anemic,  Consume balanced meals,  Include protein,  Maintain hydration."
overflow incontinence," Eat high-fiber to prevent constipation,  Consume balanced meals,  Include protein,  Maintain hydration."
hemolytic anemia," Eat folate-rich foods,  Consume vitamin B12,  Include balanced meals,  Maintain hydration."
lateral epicondylitis (tennis elbow)," Eat anti-inflammatory foods,  Consume omega-3,  Include protein,  Maintain balanced meals."
open wound of the eye," Eat vitamin A-rich carrots,  Consume vitamin C,  Include balanced meals,  Maintain hydration."
syphilis," Eat balanced meals,  Consume vitamin C,  Include zinc,  Maintain hydration."
diabetic kidney disease," Eat low-protein if prescribed,  Consume low-sodium,  Include balanced meals,  Maintain hydration."
nose disorder," Eat vitamin C-rich foods,  Consume balanced meals,  Include hydration,  Maintain balanced diet."
drug withdrawal," Eat balanced meals,  Consume nutrient-dense foods,  Include B-vitamins,  Maintain hydration."
dental caries," Eat low-sugar foods,  Consume calcium-rich dairy,  Include crunchy vegetables,  Maintain balanced meals."
hypercholesterolemia," Eat oats and soluble fiber,  Consume nuts and olive oil,  Include fish,  Limit saturated fats."
fracture of the patella," Eat calcium-rich foods,  Consume vitamin D,  Include protein,  Maintain balanced meals."
kidney failure," Eat low-potassium and low-phosphorus diet,  Consume controlled protein,  Include balanced meals per renal plan,  Maintain hydration limits."
fracture of the neck," Eat balanced meals,  Consume protein,  Include calcium,  Maintain hydration."
muscle spasm," Eat magnesium-rich foods,  Consume potassium bananas,  Include balanced meals,  Maintain hydration."
hemophilia," Eat balanced meals,  Consume iron if bleeding,  Include vitamin K moderation,  Maintain hydration."
hyperosmotic hyperketotic state," Eat low-sugar foods,  Consume balanced meals after stabilization,  Include protein,  Maintain hydration."
peritonsillar abscess," Eat soft cool foods,  Consume hydrating fluids,  Include vitamin C,  Maintain hydration."
gastroparesis," Eat small frequent meals,  Consume low-fat and low-fiber,  Include liquids,  Maintain balanced diet."
itching of unknown cause," Eat balanced meals,  Consume anti-inflammatory foods,  Include hydration,  Maintain regular diet."
polycythemia vera," Eat balanced meals,  Consume hydration-focused,  Include low-iron if advised,  Maintain diet per doctor."
thrombocytopenia," Eat balanced meals,  Consume vitamin K moderation,  Include protein,  Maintain hydration."
head and neck cancer," Eat soft high-calorie foods,  Consume nutrient shakes,  Include protein,  Maintain hydration."
pseudohypoparathyroidism," Eat calcium-rich foods,  Consume vitamin D,  Include balanced meals,  Maintain hydration."
goiter," Eat iodine-moderate foods,  Consume balanced meals,  Include selenium,  Maintain hydration."
urge incontinence," Eat high-fiber,  Consume balanced meals,  Include protein,  Maintain hydration."
edward syndrome," Eat pureed nutrient-dense foods,  Consume balanced meals,  Include protein,  Maintain hydration."
open wound of the arm," Eat protein,  Consume vitamin C,  Include zinc,  Maintain balanced meals."
muscular dystrophy," Eat high-protein foods,  Consume balanced meals,  Include calcium,  Maintain hydration."
mittelschmerz," Eat balanced meals,  Consume anti-inflammatory,  Include magnesium,  Maintain regular diet."
corneal abrasion," Eat vitamin A-rich carrots,  Consume vitamin C,  Include balanced meals,  Maintain hydration."
anemia of chronic disease," Eat iron-rich foods,  Consume vitamin C,  Include balanced meals,  Maintain hydration."
dysthymic disorder," Eat balanced meals,  Consume omega-3,  Include complex carbs,  Maintain regular eating."
scarlet fever," Eat soft foods,  Consume vitamin C,  Include balanced meals,  Maintain hydration."
hypertensive heart disease," Eat low-sodium diet,  Consume potassium-rich foods,  Include balanced meals,  Maintain hydration."
drug abuse (barbiturates)," Eat balanced meals,  Consume nutrient-dense foods,  Include B-vitamins,  Maintain hydration."
polycystic ovarian syndrome (pcos)," Eat low-glycemic index foods,  Consume balanced meals,  Include fiber,  Maintain healthy weight diet."
encephalitis," Eat balanced meals,  Consume vitamin-rich foods,  Include protein,  Maintain hydration."
cyst of the eyelid," Eat balanced meals,  Consume vitamin A,  Include balanced diet,  Maintain hydration."
balanitis," Eat balanced meals,  Consume probiotics if fungal,  Include balanced diet,  Maintain hydration."
foreign body in the throat," Eat soft foods after removal,  Consume balanced meals,  Include protein,  Maintain hydration."
drug abuse (cocaine)," Eat balanced meals,  Consume nutrient-dense foods,  Include protein,  Maintain hydration."
optic neuritis," Eat balanced meals,  Consume vitamin B12,  Include antioxidants,  Maintain hydration."
alcohol withdrawal," Eat balanced meals,  Consume thiamine-rich foods,  Include protein,  Maintain hydration."
premature atrial contractions (pacs)," Eat balanced meals,  Consume magnesium,  Include potassium,  Limit caffeine."
hemiplegia," Eat balanced meals,  Consume protein,  Include balanced diet,  Maintain hydration."
hammer toe," Eat balanced meals,  Consume calcium,  Include protein,  Maintain hydration."
open wound of the cheek," Eat soft foods,  Consume protein,  Include vitamin C,  Maintain hydration."
joint effusion," Eat anti-inflammatory foods,  Consume balanced meals,  Include protein,  Maintain hydration."
open wound of the knee," Eat protein,  Consume vitamin C,  Include zinc,  Maintain balanced meals."
meningioma," Eat balanced meals,  Consume anti-inflammatory diet,  Include protein,  Maintain hydration."
brain cancer," Eat balanced meals,  Consume nutrient-dense shakes,  Include protein,  Maintain hydration."
placental abruption," Eat balanced meals post-stabilization,  Consume iron-rich foods,  Include protein,  Maintain hydration."
seasonal allergies (hay fever)," Eat quercetin-rich onions,  Consume local honey,  Include omega-3,  Maintain balanced meals."
lung cancer," Eat small frequent meals,  Consume high-calorie shakes,  Include protein,  Maintain hydration."
primary kidney disease," Eat renal diet as prescribed,  Consume balanced meals,  Include protein control,  Maintain hydration limits."
uterine cancer," Eat balanced meals,  Consume high-fiber,  Include lean protein,  Maintain healthy weight diet."
dry eye of unknown cause," Eat omega-3 fish,  Consume flaxseeds,  Include balanced meals,  Maintain hydration."
fibrocystic breast disease," Eat low-caffeine diet,  Consume balanced meals,  Include vitamin E,  Maintain hydration."
fungal infection of the hair," Eat balanced meals,  Consume probiotics,  Include balanced diet,  Maintain hydration."
tooth abscess," Eat soft foods,  Consume vitamin C,  Include balanced meals,  Maintain hydration."
envenomation from spider or animal bite," Eat balanced meals,  Consume protein,  Include balanced diet,  Maintain hydration."
vacterl syndrome," Eat pureed or soft foods as needed,  Consume nutrient-dense,  Include balanced meals,  Maintain hydration."
vertebrobasilar insufficiency," Eat low-sodium,  Consume heart-healthy,  Include balanced meals,  Maintain hydration."
rectal disorder," Eat high-fiber,  Consume balanced meals,  Include fluids,  Maintain hydration."
atonic bladder," Eat balanced meals,  Consume balanced diet,  Include fiber,  Maintain hydration."
benign paroxysmal positional vertical (bppv)," Eat balanced meals,  Consume hydration,  Include balanced diet,  Maintain regular eating."
blepharospasm," Eat balanced meals,  Consume balanced diet,  Include magnesium,  Maintain hydration."
sarcoidosis," Eat anti-inflammatory diet,  Consume balanced meals,  Include calcium if needed,  Maintain hydration."
metastatic cancer," Eat small frequent nutrient-dense meals,  Consume protein shakes,  Include balanced meals,  Maintain hydration."
trigger finger (finger disorder)," Eat anti-inflammatory foods,  Consume balanced meals,  Include protein,  Maintain hydration."
stye," Eat balanced meals,  Consume vitamin A,  Include balanced diet,  Maintain hydration."
hemochromatosis," Eat low-iron diet,  Consume tea with meals,  Include balanced meals,  Maintain hydration."
osteochondroma," Eat balanced meals,  Consume calcium,  Include balanced diet,  Maintain hydration."
cushing syndrome," Eat low-sugar low-sodium diet,  Consume balanced meals,  Include protein,  Maintain hydration."
typhoid fever," Eat bland soft foods,  Consume hydrating fluids,  Include balanced meals,  Maintain hydration."
vitreous degeneration," Eat balanced meals,  Consume lutein-rich greens,  Include balanced diet,  Maintain hydration."
atrophic skin condition," Eat balanced meals,  Consume healthy fats,  Include balanced diet,  Maintain hydration."
aspergillosis," Eat balanced meals,  Consume balanced diet,  Include protein,  Maintain hydration."
uterine atony," Eat balanced meals post-delivery,  Consume iron-rich if bleeding,  Include protein,  Maintain hydration."
trichinosis," Eat well-cooked foods,  Consume balanced meals,  Include balanced diet,  Maintain hydration."
whooping cough," Eat soft foods,  Consume hydrating fluids,  Include balanced meals,  Maintain hydration."
open wound of the lip," Eat soft foods,  Consume protein,  Include vitamin C,  Maintain hydration."
subacute thyroiditis," Eat balanced meals,  Consume balanced diet,  Include anti-inflammatory,  Maintain hydration."
oral mucosal lesion," Eat soft foods,  Consume balanced meals,  Include vitamin-rich,  Maintain hydration."
open wound due to trauma," Eat protein,  Consume vitamin C,  Include zinc,  Maintain balanced meals."
intracerebral hemorrhage," Eat balanced meals,  Consume vitamin K moderation,  Include balanced diet,  Maintain hydration."
alzheimer disease," Eat Mediterranean diet,  Consume berries for antioxidants,  Include omega-3 fish,  Maintain balanced meals."
vaginismus," Eat balanced meals,  Consume balanced diet,  Include balanced meals,  Maintain hydration."
systemic lupus erythematosis (sle)," Eat anti-inflammatory diet,  Consume omega-3,  Include fruits and vegetables,  Maintain balanced meals."
premature ovarian failure," Eat calcium-rich foods,  Consume balanced meals,  Include vitamin D,  Maintain hydration."
thoracic outlet syndrome," Eat balanced meals,  Consume anti-inflammatory,  Include balanced diet,  Maintain hydration."
ganglion cyst," Eat balanced meals,  Consume balanced diet,  Include protein,  Maintain hydration."
dislocation of the knee," Eat protein,  Consume vitamin C,  Include calcium,  Maintain balanced meals."
crohn disease," Eat low-residue during flares,  Consume balanced meals,  Include probiotics,  Maintain hydration."
postoperative infection," Eat protein-rich foods,  Consume vitamin C,  Include balanced meals,  Maintain hydration."
folate deficiency," Eat leafy greens and beans,  Consume fortified cereals,  Include balanced meals,  Maintain hydration."
fluid overload," Eat low-sodium foods,  Consume balanced meals,  Include potassium if allowed,  Maintain fluid-restricted diet."
atrial flutter," Eat heart-healthy diet,  Consume low-sodium,  Include balanced meals,  Maintain hydration."
skin disorder," Eat balanced meals,  Consume anti-inflammatory,  Include balanced diet,  Maintain hydration."
floaters," Eat balanced meals,  Consume lutein-rich greens,  Include balanced diet,  Maintain hydration."
tooth disorder," Eat low-sugar foods,  Consume calcium-rich,  Include balanced meals,  Maintain hydration."
heart attack," Eat Mediterranean diet,  Consume omega-3,  Include low-sodium,  Maintain balanced meals."
open wound of the abdomen," Eat soft foods initially,  Consume protein,  Include balanced meals,  Maintain hydration."
fracture of the leg," Eat calcium-rich,  Consume vitamin D,  Include protein,  Maintain balanced meals."
oral thrush (yeast infection)," Eat probiotic yogurt,  Consume balanced meals,  Include balanced diet,  Maintain hydration."
pityriasis rosea," Eat balanced meals,  Consume anti-itch supportive diet,  Include balanced diet,  Maintain hydration."
allergy to animals," Eat anti-inflammatory foods,  Consume quercetin-rich,  Include omega-3,  Maintain balanced meals."
orthostatic hypotension," Eat salt-rich if prescribed,  Consume balanced meals,  Include fluids,  Maintain hydration."
obstructive sleep apnea (osa)," Eat weight-loss friendly diet,  Consume balanced meals,  Include balanced diet,  Maintain hydration."
hypokalemia," Eat potassium-rich bananas,  Consume oranges,  Include balanced meals,  Maintain hydration."
psoriasis," Eat anti-inflammatory diet,  Consume omega-3 fish,  Include fruits and vegetables,  Maintain balanced meals."
dislocation of the shoulder," Eat protein,  Consume vitamin C,  Include calcium,  Maintain balanced meals."
intussusception," Eat clear liquids initially,  Consume balanced meals after,  Include hydration,  Maintain balanced diet."
cervicitis," Eat balanced meals,  Consume vitamin C,  Include balanced diet,  Maintain hydration."
abscess of the pharynx," Eat soft foods,  Consume hydrating fluids,  Include vitamin C,  Maintain hydration."
primary thrombocythemia," Eat balanced meals,  Consume balanced diet,  Include hydration,  Maintain regular eating."
arthritis of the hip," Eat anti-inflammatory diet,  Consume omega-3,  Include balanced meals,  Maintain hydration."
decubitus ulcer," Eat high-protein foods,  Consume vitamin C and zinc,  Include balanced meals,  Maintain hydration."
hypernatremia," Eat balanced meals,  Consume fluids as allowed,  Include balanced diet,  Maintain hydration plan."
sensorineural hearing loss," Eat omega-3 fish,  Consume zinc,  Include B12,  Maintain balanced meals."
chronic ulcer," Eat high-protein,  Consume vitamin C and zinc,  Include balanced meals,  Maintain hydration."
osteoporosis," Eat calcium-rich dairy,  Consume vitamin D,  Include balanced meals,  Maintain hydration."
ileus," Eat NPO initially,  Consume clear liquids after,  Include balanced meals,  Maintain hydration."
sickle cell crisis," Eat balanced meals,  Consume hydration-focused,  Include folic acid-rich,  Maintain balanced diet."
urethritis," Eat balanced meals,  Consume vitamin C,  Include balanced diet,  Maintain hydration."
prostatitis," Eat balanced meals,  Consume zinc-rich foods,  Include balanced diet,  Maintain hydration."
otitis externa (swimmer's ear)," Eat balanced meals,  Consume vitamin C,  Include balanced diet,  Maintain hydration."
poisoning due to anticonvulsants," Eat balanced meals after recovery,  Consume fluids,  Include balanced diet,  Maintain hydration."
testicular torsion," Eat balanced meals post-surgery,  Consume protein,  Include balanced diet,  Maintain hydration."
tricuspid valve disease," Eat low-sodium heart-healthy,  Consume balanced meals,  Include omega-3,  Maintain hydration."
urethral stricture," Eat balanced meals,  Consume balanced diet,  Include hydration,  Maintain regular eating."
vitamin d deficiency," Eat fortified dairy or fish,  Consume balanced meals,  Include sunlight-supported diet,  Maintain hydration."
hydatidiform mole," Eat balanced meals,  Consume iron if bleeding,  Include balanced diet,  Maintain hydration."
pain disorder affecting the neck," Eat anti-inflammatory diet,  Consume magnesium,  Include balanced meals,  Maintain hydration."
tuberculosis," Eat high-protein high-calorie diet,  Consume vitamin-rich foods,  Include balanced meals,  Maintain hydration."
pelvic fistula," Eat balanced meals,  Consume high-fiber post-repair,  Include balanced diet,  Maintain hydration."
acute bronchiolitis," Eat frequent small feeds,  Consume breast milk or formula,  Include hydration,  Maintain balanced infant diet."
presbyopia," Eat lutein-rich greens,  Consume vitamin A,  Include balanced meals,  Maintain hydration."
dementia," Eat Mediterranean diet,  Consume berries,  Include omega-3,  Maintain balanced meals."
insect bite," Eat balanced meals,  Consume anti-inflammatory,  Include balanced diet,  Maintain hydration."
paroxysmal ventricular tachycardia," Eat heart-healthy,  Consume balanced meals,  Include magnesium,  Maintain hydration."
congenital heart defect," Eat balanced meals,  Consume nutrient-dense,  Include balanced diet,  Maintain hydration."
connective tissue disorder," Eat anti-inflammatory diet,  Consume omega-3,  Include fruits and vegetables,  Maintain balanced meals."
foreign body in the eye," Eat balanced meals,  Consume vitamin A,  Include balanced diet,  Maintain hydration."
poisoning due to gas," Eat balanced meals after recovery,  Consume antioxidants,  Include balanced diet,  Maintain hydration."
pyogenic skin infection," Eat vitamin C-rich foods,  Consume zinc,  Include protein,  Maintain balanced meals."
endometrial hyperplasia," Eat balanced meals,  Consume high-fiber,  Include balanced diet,  Maintain healthy weight."
acanthosis nigricans," Eat low-glycemic index,  Consume balanced meals,  Include fiber,  Maintain weight-loss diet."
central atherosclerosis," Eat Mediterranean diet,  Consume omega-3,  Include oats,  Maintain balanced meals."
viral exanthem," Eat bland soft foods,  Consume hydrating fluids,  Include vitamin C,  Maintain balanced meals."
noninfectious gastroenteritis," Eat BRAT diet,  Consume oral rehydration,  Include probiotics,  Maintain hydration."
benign prostatic hyperplasia (bph)," Eat balanced meals,  Consume zinc-rich,  Include balanced diet,  Maintain hydration."
menopause," Eat calcium-rich foods,  Consume soy for phytoestrogens,  Include balanced meals,  Maintain hydration."
primary immunodeficiency," Eat balanced meals,  Consume nutrient-dense,  Include balanced diet,  Maintain hydration."
ovarian cancer," Eat balanced meals,  Consume protein,  Include balanced diet,  Maintain hydration."
cataract," Eat lutein-rich greens,  Consume vitamin C,  Include balanced meals,  Maintain hydration."
dislocation of the hip," Eat protein,  Consume calcium,  Include balanced meals,  Maintain hydration."
spinal stenosis," Eat anti-inflammatory,  Consume balanced meals,  Include protein,  Maintain hydration."
intestinal obstruction," Eat NPO then clear liquids,  Consume balanced meals after,  Include hydration,  Maintain balanced diet."
heart contusion," Eat heart-healthy,  Consume balanced meals,  Include balanced diet,  Maintain hydration."
congenital malformation syndrome," Eat balanced meals,  Consume nutrient-dense,  Include balanced diet,  Maintain hydration."
sporotrichosis," Eat balanced meals,  Consume balanced diet,  Include protein,  Maintain hydration."
lymphangitis," Eat balanced meals,  Consume vitamin C,  Include protein,  Maintain hydration."
wernicke korsakoff syndrome," Eat thiamine-rich foods,  Consume balanced meals,  Include protein,  Maintain hydration."
intestinal disease," Eat prescribed diet,  Consume balanced meals,  Include fiber or low-residue as needed,  Maintain hydration."
acute bronchitis," Eat vitamin C-rich,  Consume balanced meals,  Include hydration,  Maintain balanced diet."
persistent vomiting of unknown cause," Eat bland foods,  Consume clear fluids,  Include ginger,  Maintain hydration."
open wound of the foot," Eat protein,  Consume vitamin C and zinc,  Include balanced meals,  Maintain hydration."
myocarditis," Eat heart-healthy,  Consume balanced meals,  Include balanced diet,  Maintain hydration."
preeclampsia," Eat low-sodium,  Consume balanced meals,  Include protein,  Maintain hydration."
ischemic heart disease," Eat Mediterranean diet,  Consume omega-3,  Include low-saturated fat,  Maintain balanced meals."
neurofibromatosis," Eat balanced meals,  Consume balanced diet,  Include protein,  Maintain hydration."
chickenpox," Eat soft foods,  Consume vitamin C,  Include balanced meals,  Maintain hydration."
pancreatic cancer," Eat small frequent meals,  Consume pancreatic enzymes,  Include high-calorie,  Maintain hydration."
neuropathy due to drugs," Eat B-vitamin rich foods,  Consume balanced meals,  Include antioxidants,  Maintain hydration."
croup," Eat soft foods,  Consume hydrating fluids,  Include balanced meals,  Maintain hydration."
idiopathic excessive menstruation," Eat iron-rich foods,  Consume vitamin C,  Include balanced meals,  Maintain hydration."
amblyopia," Eat lutein-rich greens,  Consume vitamin A,  Include balanced meals,  Maintain hydration."
meckel diverticulum," Eat balanced meals,  Consume iron if bleeding,  Include balanced diet,  Maintain hydration."
dislocation of the wrist," Eat protein,  Consume vitamin C,  Include calcium,  Maintain balanced meals."
ear drum damage," Eat balanced meals,  Consume balanced diet,  Include protein,  Maintain hydration."
erectile dysfunction," Eat heart-healthy Mediterranean diet,  Consume omega-3 fish,  Include nuts,  Maintain balanced meals."
temporary or benign blood in urine," Eat balanced meals,  Consume hydration,  Include balanced diet,  Maintain hydration."
kidney disease due to longstanding hypertension," Eat low-sodium,  Consume potassium-rich,  Include balanced meals,  Maintain hydration."
chondromalacia of the patella," Eat anti-inflammatory,  Consume balanced meals,  Include protein,  Maintain hydration."
onychomycosis," Eat balanced meals,  Consume balanced diet,  Include protein,  Maintain hydration."
urethral disorder," Eat balanced meals,  Consume balanced diet,  Include hydration,  Maintain regular eating."
lyme disease," Eat balanced meals,  Consume vitamin C,  Include balanced diet,  Maintain hydration."
iron deficiency anemia," Eat iron-rich spinach and meat,  Consume vitamin C,  Include balanced meals,  Maintain hydration."
acute respiratory distress syndrome (ards)," Eat balanced meals when able,  Consume protein,  Include balanced diet,  Maintain hydration."
toxic multinodular goiter," Eat balanced meals,  Consume low-iodine if advised,  Include balanced diet,  Maintain hydration."
open wound of the finger," Eat protein,  Consume vitamin C,  Include zinc,  Maintain balanced meals."
autonomic nervous system disorder," Eat balanced meals,  Consume salt if needed,  Include balanced diet,  Maintain hydration."
psychosexual disorder," Eat balanced meals,  Consume balanced diet,  Include balanced meals,  Maintain hydration."
anemia," Eat iron-rich foods,  Consume vitamin C,  Include balanced meals,  Maintain hydration."
tendinitis," Eat anti-inflammatory,  Consume omega-3,  Include balanced meals,  Maintain hydration."
common cold," Eat vitamin C-rich,  Consume zinc,  Include chicken soup,  Maintain hydration."
amyotrophic lateral sclerosis (als)," Eat high-calorie nutrient-dense,  Consume balanced meals,  Include protein,  Maintain hydration."
central retinal artery or vein occlusion," Eat balanced meals,  Consume omega-3,  Include antioxidants,  Maintain hydration."
paroxysmal supraventricular tachycardia," Eat balanced meals,  Consume magnesium,  Include balanced diet,  Maintain hydration."
venous insufficiency," Eat high-fiber,  Consume flavonoid berries,  Include balanced meals,  Maintain hydration."
trichomonas infection," Eat balanced meals,  Consume vitamin C,  Include balanced diet,  Maintain hydration."
acne," Eat low-glycemic index foods,  Consume zinc-rich,  Include balanced meals,  Maintain hydration."
depression," Eat omega-3 fish,  Consume complex carbs,  Include balanced meals,  Maintain regular eating."
drug abuse," Eat balanced meals,  Consume nutrient-dense,  Include protein,  Maintain hydration."
urinary tract obstruction," Eat balanced meals,  Consume balanced diet,  Include hydration,  Maintain regular eating."
diabetes insipidus," Eat balanced meals,  Consume salt if needed,  Include balanced diet,  Maintain hydration to thirst."
iridocyclitis," Eat balanced meals,  Consume balanced diet,  Include balanced meals,  Maintain hydration."
varicocele of the testicles," Eat balanced meals,  Consume balanced diet,  Include protein,  Maintain hydration."
irritable bowel syndrome," Eat low-FODMAP foods,  Consume soluble fiber,  Include balanced meals,  Maintain hydration."
fracture of the foot," Eat calcium-rich,  Consume vitamin D,  Include protein,  Maintain balanced meals."
ovarian cyst," Eat balanced meals,  Consume balanced diet,  Include balanced meals,  Maintain hydration."
chlamydia," Eat balanced meals,  Consume vitamin C,  Include balanced diet,  Maintain hydration."
parasitic disease," Eat cooked foods,  Consume balanced meals,  Include probiotics,  Maintain hydration."
fracture of the jaw," Eat liquid or pureed foods,  Consume protein shakes,  Include balanced nutrition,  Maintain hydration."
lipoma," Eat balanced meals,  Consume balanced diet,  Include balanced meals,  Maintain hydration."
female genitalia infection," Eat probiotic yogurt,  Consume balanced meals,  Include balanced diet,  Maintain hydration."
pulmonary hypertension," Eat low-sodium,  Consume balanced meals,  Include omega-3,  Maintain hydration."
thyroid nodule," Eat balanced meals,  Consume iodine-moderate,  Include balanced diet,  Maintain hydration."
broken tooth," Eat soft foods,  Consume balanced meals,  Include balanced diet,  Maintain hydration."
dumping syndrome," Eat small frequent meals,  Consume low-sugar,  Include protein,  Maintain hydration."
lymphadenitis," Eat balanced meals,  Consume vitamin C,  Include protein,  Maintain hydration."
injury to the face," Eat soft foods,  Consume protein,  Include vitamin C,  Maintain hydration."
aortic valve disease," Eat heart-healthy,  Consume low-sodium,  Include omega-3,  Maintain balanced meals."
rheumatoid arthritis," Eat Mediterranean diet,  Consume omega-3 fish,  Include balanced meals,  Maintain hydration."
spermatocele," Eat balanced meals,  Consume balanced diet,  Include protein,  Maintain hydration."
impetigo," Eat balanced meals,  Consume vitamin C,  Include protein,  Maintain hydration."
anal fistula," Eat high-fiber,  Consume balanced meals,  Include fluids,  Maintain hydration."
hypothermia," Eat warm balanced meals after rewarming,  Consume balanced diet,  Include warm fluids,  Maintain hydration."
oppositional disorder," Eat balanced meals,  Consume balanced diet,  Include balanced meals,  Maintain regular eating."
migraine," Eat regular meals,  Consume magnesium-rich,  Include balanced meals,  Avoid triggers like chocolate."
diabetic peripheral neuropathy," Eat low-glycemic,  Consume balanced meals,  Include B-vitamins,  Maintain hydration."
testicular disorder," Eat balanced meals,  Consume balanced diet,  Include protein,  Maintain hydration."
gestational diabetes," Eat balanced carb-controlled meals,  Consume protein with carbs,  Include vegetables,  Maintain hydration."
hidradenitis suppurativa," Eat balanced meals,  Consume anti-inflammatory,  Include balanced diet,  Maintain healthy weight."
valley fever," Eat balanced meals,  Consume balanced diet,  Include protein,  Maintain hydration."
conjunctivitis due to bacteria," Eat balanced meals,  Consume vitamin A,  Include balanced diet,  Maintain hydration."
lewy body dementia," Eat Mediterranean diet,  Consume balanced meals,  Include protein,  Maintain hydration."
multiple myeloma," Eat high-protein,  Consume nutrient shakes,  Include balanced meals,  Maintain hydration."
head injury," Eat balanced meals,  Consume omega-3,  Include protein,  Maintain hydration."
ascending cholangitis," Eat low-fat after recovery,  Consume balanced meals,  Include balanced diet,  Maintain hydration."
idiopathic irregular menstrual cycle," Eat balanced meals,  Consume iron-rich,  Include balanced diet,  Maintain hydration."
interstitial lung disease," Eat small frequent meals,  Consume balanced meals,  Include protein,  Maintain hydration."
mononeuritis," Eat anti-inflammatory,  Consume B-vitamins,  Include balanced meals,  Maintain hydration."
malaria," Eat balanced meals,  Consume balanced diet,  Include protein,  Maintain hydration."
somatization disorder," Eat balanced meals,  Consume regular meals for mood,  Include balanced diet,  Maintain hydration."
hypovolemia," Eat balanced meals,  Consume fluids and electrolytes,  Include balanced diet,  Maintain hydration."
schizophrenia," Eat balanced meals,  Consume regular schedule,  Include balanced diet,  Maintain hydration."
knee ligament or meniscus tear," Eat protein,  Consume vitamin C,  Include balanced meals,  Maintain hydration."
endocarditis," Eat balanced meals,  Consume balanced diet,  Include protein,  Maintain hydration."
sepsis," Eat balanced meals after stabilization,  Consume protein,  Include balanced diet,  Maintain hydration."
heat stroke," Eat hydrating foods,  Consume electrolyte-rich,  Include balanced meals,  Maintain hydration."
cholecystitis," Eat low-fat diet,  Consume small meals,  Include balanced diet,  Maintain hydration."
cardiac arrest," Eat heart-healthy post-recovery,  Consume balanced meals,  Include balanced diet,  Maintain hydration."
cardiomyopathy," Eat low-sodium,  Consume balanced meals,  Include omega-3,  Maintain hydration."
social phobia," Eat balanced meals,  Consume regular eating,  Include balanced diet,  Maintain hydration."
meningitis," Eat balanced meals,  Consume vitamin-rich,  Include balanced diet,  Maintain hydration."
spherocytosis," Eat folate-rich foods,  Consume balanced meals,  Include balanced diet,  Maintain hydration."
hormone disorder," Eat balanced meals,  Consume nutrient-dense,  Include balanced diet,  Maintain hydration."
raynaud disease," Eat balanced meals,  Consume balanced diet,  Include balanced meals,  Maintain hydration."
reactive arthritis," Eat anti-inflammatory,  Consume balanced meals,  Include balanced diet,  Maintain hydration."
scabies," Eat balanced meals,  Consume balanced diet,  Include balanced meals,  Maintain hydration."
ear wax impaction," Eat balanced meals,  Consume balanced diet,  Include balanced meals,  Maintain hydration."
hypertension of pregnancy," Eat low-sodium,  Consume balanced meals,  Include potassium-rich,  Maintain hydration."
peripheral arterial embolism," Eat heart-healthy,  Consume balanced meals,  Include balanced diet,  Maintain hydration."
rosacea," Eat anti-inflammatory,  Consume balanced meals,  Include balanced diet,  Maintain hydration."
fracture of the skull," Eat balanced meals,  Consume protein,  Include balanced diet,  Maintain hydration."
uveitis," Eat balanced meals,  Consume anti-inflammatory,  Include balanced diet,  Maintain hydration."
fracture of the facial bones," Eat soft foods,  Consume protein,  Include vitamin C,  Maintain hydration."
tracheitis," Eat soft foods,  Consume hydrating fluids,  Include balanced meals,  Maintain hydration."
jaw disorder," Eat soft foods,  Consume balanced meals,  Include balanced diet,  Maintain hydration."
perirectal infection," Eat high-fiber post-recovery,  Consume balanced meals,  Include balanced diet,  Maintain hydration."
breast cyst," Eat balanced meals,  Consume balanced diet,  Include balanced meals,  Maintain hydration."
post-traumatic stress disorder (ptsd)," Eat balanced meals,  Consume omega-3,  Include regular eating,  Maintain hydration."
kidney cancer," Eat balanced meals,  Consume protein,  Include balanced diet,  Maintain hydration."
vulvar cancer," Eat balanced meals,  Consume balanced diet,  Include protein,  Maintain hydration."
blepharitis," Eat balanced meals,  Consume omega-3,  Include balanced diet,  Maintain hydration."
celiac disease," Eat gluten-free grains,  Consume balanced meals,  Include nutrient-dense,  Maintain hydration."
cystitis," Eat cranberry products,  Consume vitamin C,  Include balanced meals,  Maintain hydration."
sickle cell anemia," Eat folic acid-rich foods,  Consume balanced meals,  Include hydration-focused,  Maintain balanced diet."
subconjunctival hemorrhage," Eat balanced meals,  Consume balanced diet,  Include balanced meals,  Maintain hydration."
hemorrhoids," Eat high-fiber foods,  Consume plenty of water,  Include balanced meals,  Maintain hydration."
contact dermatitis," Eat balanced meals,  Consume anti-inflammatory,  Include balanced diet,  Maintain hydration."
sinus bradycardia," Eat heart-healthy,  Consume balanced meals,  Include balanced diet,  Maintain hydration."
high blood pressure," Eat low-sodium DASH diet,  Consume potassium-rich,  Include balanced meals,  Maintain hydration."
pelvic inflammatory disease," Eat balanced meals,  Consume vitamin C,  Include balanced diet,  Maintain hydration."
liver disease," Eat low-sodium,  Consume balanced meals,  Include protein moderation,  Maintain hydration."
chronic constipation," Eat high-fiber foods,  Consume plenty of water,  Include fruits,  Maintain balanced meals."
thyroid cancer," Eat balanced meals,  Consume low-iodine before scans,  Include balanced diet,  Maintain hydration."
flu," Eat chicken soup,  Consume vitamin C,  Include balanced meals,  Maintain hydration."
friedrich ataxia," Eat balanced meals,  Consume nutrient-dense,  Include balanced diet,  Maintain hydration."
tic (movement) disorder," Eat balanced meals,  Consume magnesium,  Include balanced diet,  Maintain hydration."
skin polyp," Eat balanced meals,  Consume balanced diet,  Include balanced meals,  Maintain hydration."
brachial neuritis," Eat anti-inflammatory,  Consume B-vitamins,  Include balanced meals,  Maintain hydration."
cervical cancer," Eat balanced meals,  Consume fruits and vegetables,  Include balanced diet,  Maintain hydration."
adrenal adenoma," Eat balanced meals,  Consume balanced diet,  Include balanced meals,  Maintain hydration."
esophagitis," Eat small meals,  Consume low-acid foods,  Include balanced meals,  Maintain hydration."
gas gangrene," Eat balanced meals post-recovery,  Consume protein,  Include balanced diet,  Maintain hydration."
yeast infection," Eat probiotic yogurt,  Consume low-sugar,  Include balanced meals,  Maintain hydration."
spina bifida," Eat folic acid-rich if planning pregnancy,  Consume balanced meals,  Include balanced diet,  Maintain hydration."
drug poisoning due to medication," Eat balanced meals after recovery,  Consume bland foods,  Include balanced diet,  Maintain hydration."
alcoholic liver disease," Eat high-calorie nutrient-dense,  Consume thiamine-rich,  Include balanced meals,  Maintain hydration."
malignant hypertension," Eat low-sodium,  Consume balanced meals,  Include potassium,  Maintain hydration."
diverticulitis," Eat low-fiber during flare,  Consume clear liquids initially,  Include balanced meals after,  Maintain hydration."
moyamoya disease," Eat balanced meals,  Consume low-salt,  Include balanced diet,  Maintain hydration."
heat exhaustion," Eat hydrating fruits,  Consume electrolyte foods,  Include balanced meals,  Maintain hydration."
psychotic disorder," Eat regular balanced meals,  Consume balanced diet,  Include balanced meals,  Maintain hydration."
frostbite," Eat warm balanced meals,  Consume balanced diet,  Include balanced meals,  Maintain hydration."
atrophy of the corpus cavernosum," Eat heart-healthy,  Consume balanced meals,  Include balanced diet,  Maintain hydration."
smoking or tobacco addiction," Eat balanced meals,  Consume nutrient-dense,  Include balanced diet,  Maintain hydration."
sprain or strain," Eat protein,  Consume vitamin C,  Include balanced meals,  Maintain hydration."
essential tremor," Eat balanced meals,  Consume balanced diet,  Include balanced meals,  Maintain hydration."
open wound of the ear," Eat balanced meals,  Consume balanced diet,  Include protein,  Maintain hydration."
foreign body in the nose," Eat balanced meals,  Consume balanced diet,  Include balanced meals,  Maintain hydration."
idiopathic painful menstruation," Eat anti-inflammatory,  Consume magnesium,  Include omega-3,  Maintain balanced meals."
down syndrome," Eat balanced meals,  Consume nutrient-dense,  Include balanced diet,  Maintain hydration."
idiopathic infrequent menstruation," Eat balanced meals,  Consume iron-rich,  Include balanced diet,  Maintain hydration."
pneumothorax," Eat balanced meals,  Consume balanced diet,  Include balanced meals,  Maintain hydration."
de quervain disease," Eat anti-inflammatory,  Consume balanced meals,  Include protein,  Maintain hydration."
fracture of the vertebra," Eat calcium-rich,  Consume vitamin D,  Include protein,  Maintain balanced meals."
human immunodeficiency virus infection (hiv)," Eat balanced meals,  Consume nutrient-dense,  Include protein,  Maintain hydration."
mumps," Eat soft foods,  Consume hydrating fluids,  Include balanced meals,  Maintain hydration."
subarachnoid hemorrhage," Eat balanced meals,  Consume balanced diet,  Include balanced meals,  Maintain hydration."
acute fatty liver of pregnancy (aflp)," Eat balanced meals post-delivery,  Consume balanced diet,  Include balanced meals,  Maintain hydration."
ectropion," Eat balanced meals,  Consume balanced diet,  Include balanced meals,  Maintain hydration."
scar," Eat balanced meals,  Consume vitamin C and zinc,  Include balanced diet,  Maintain hydration."
lactose intolerance," Eat lactose-free dairy or alternatives,  Consume calcium-rich non-dairy,  Include balanced meals,  Maintain hydration."
eustachian tube dysfunction (ear disorder)," Eat balanced meals,  Consume balanced diet,  Include balanced meals,  Maintain hydration."
appendicitis," Eat NPO pre-surgery,  Consume soft foods post-op,  Include balanced meals,  Maintain hydration."
graves disease," Eat balanced meals,  Consume low-iodine if advised,  Include balanced diet,  Maintain hydration."
dissociative disorder," Eat regular meals,  Consume balanced diet,  Include balanced meals,  Maintain hydration."
open wound of the face," Eat soft foods,  Consume protein,  Include vitamin C,  Maintain hydration."
dislocation of the vertebra," Eat balanced meals,  Consume balanced diet,  Include balanced meals,  Maintain hydration."
phimosis," Eat balanced meals,  Consume balanced diet,  Include balanced meals,  Maintain hydration."
hyperemesis gravidarum," Eat small bland meals,  Consume ginger tea,  Include hydration,  Maintain small frequent eating."
pregnancy," Eat prenatal nutrient-rich foods,  Consume folic acid sources,  Include iron,  Maintain balanced meals."
thalassemia," Eat folate-rich foods,  Consume balanced meals,  Include iron moderation,  Maintain hydration."
placenta previa," Eat balanced meals,  Consume iron if bleeding,  Include balanced diet,  Maintain hydration."
epidural hemorrhage," Eat balanced meals post-recovery,  Consume protein,  Include balanced diet,  Maintain hydration."
septic arthritis," Eat balanced meals,  Consume protein,  Include balanced diet,  Maintain hydration."
athlete's foot," Eat balanced meals,  Consume probiotics,  Include balanced diet,  Maintain hydration."
pleural effusion," Eat low-sodium if heart failure,  Consume balanced meals,  Include balanced diet,  Maintain hydration."
aphakia," Eat balanced meals,  Consume balanced diet,  Include balanced meals,  Maintain hydration."
vulvar disorder," Eat balanced meals,  Consume balanced diet,  Include balanced meals,  Maintain hydration."
sialoadenitis," Eat sour foods to stimulate saliva,  Consume balanced meals,  Include hydration,  Maintain balanced diet."
gynecomastia," Eat balanced meals,  Consume balanced diet,  Include balanced meals,  Maintain hydration."
urinary tract infection," Eat cranberry,  Consume vitamin C,  Include balanced meals,  Maintain hydration."
histoplasmosis," Eat balanced meals,  Consume balanced diet,  Include balanced meals,  Maintain hydration."
erythema multiforme," Eat soft foods if mouth involved,  Consume balanced meals,  Include balanced diet,  Maintain hydration."
scoliosis," Eat calcium-rich,  Consume balanced meals,  Include balanced diet,  Maintain hydration."
bunion," Eat balanced meals,  Consume balanced diet,  Include balanced meals,  Maintain hydration."
arrhythmia," Eat heart-healthy,  Consume balanced meals,  Include magnesium,  Maintain hydration."
trigeminal neuralgia," Eat soft foods,  Consume balanced meals,  Include balanced diet,  Maintain hydration."
ankylosing spondylitis," Eat anti-inflammatory,  Consume omega-3,  Include balanced meals,  Maintain hydration."
peripheral nerve disorder," Eat B-vitamin rich,  Consume balanced meals,  Include omega-3,  Maintain hydration."
sebaceous cyst," Eat balanced meals,  Consume balanced diet,  Include balanced meals,  Maintain hydration."
poisoning due to antipsychotics," Eat balanced meals after recovery,  Consume balanced diet,  Include balanced meals,  Maintain hydration."
neurosis," Eat balanced meals,  Consume regular eating,  Include balanced diet,  Maintain hydration."
prostate cancer," Eat balanced meals,  Consume lycopene-rich tomatoes,  Include balanced diet,  Maintain hydration."
cerebral edema," Eat balanced meals,  Consume low-sodium if restricted,  Include balanced diet,  Maintain hydration."
dislocation of the finger," Eat protein,  Consume vitamin C,  Include calcium,  Maintain balanced meals."
birth trauma," Eat balanced meals,  Consume nutrient-dense,  Include balanced diet,  Maintain hydration."
chronic pancreatitis," Eat low-fat,  Consume pancreatic enzymes with food,  Include small meals,  Maintain hydration."
hematoma," Eat balanced meals,  Consume balanced diet,  Include balanced meals,  Maintain hydration."
carcinoid syndrome," Eat low-serotonin foods,  Consume balanced meals,  Include balanced diet,  Maintain hydration."
open wound of the head," Eat soft foods,  Consume protein,  Include balanced meals,  Maintain hydration."
seborrheic keratosis," Eat balanced meals,  Consume balanced diet,  Include balanced meals,  Maintain hydration."
burn," Eat high-protein,  Consume vitamin C and zinc,  Include balanced meals,  Maintain hydration."
spontaneous abortion," Eat iron-rich,  Consume protein,  Include balanced meals,  Maintain hydration."
genital herpes," Eat lysine-rich dairy,  Consume balanced meals,  Include balanced diet,  Maintain hydration."
adjustment reaction," Eat regular meals,  Consume balanced diet,  Include balanced meals,  Maintain hydration."
gallstone," Eat low-fat,  Consume high-fiber,  Include balanced meals,  Maintain hydration."
multiple sclerosis," Eat Mediterranean diet,  Consume omega-3,  Include balanced meals,  Maintain hydration."
zenker diverticulum," Eat small soft meals,  Consume liquids with meals,  Include balanced meals,  Maintain hydration."
fracture of the pelvis," Eat calcium-rich,  Consume protein,  Include balanced meals,  Maintain hydration."
pneumoconiosis," Eat balanced meals,  Consume antioxidant-rich,  Include balanced diet,  Maintain hydration."
hyperlipidemia," Eat low-saturated fat,  Consume oats,  Include nuts,  Maintain balanced meals."
ulcerative colitis," Eat low-residue during flares,  Consume balanced meals,  Include probiotics,  Maintain hydration."
male genitalia infection," Eat balanced meals,  Consume vitamin C,  Include balanced diet,  Maintain hydration."
hpv," Eat balanced meals,  Consume immune-boosting,  Include balanced diet,  Maintain hydration."
angina," Eat heart-healthy,  Consume low-saturated fat,  Include balanced meals,  Maintain hydration."
injury to the spinal cord," Eat balanced meals,  Consume protein,  Include balanced diet,  Maintain hydration."
nasal polyp," Eat balanced meals,  Consume anti-inflammatory,  Include balanced diet,  Maintain hydration."
lichen simplex," Eat balanced meals,  Consume anti-inflammatory,  Include balanced diet,  Maintain hydration."
trichiasis," Eat balanced meals,  Consume vitamin A,  Include balanced diet,  Maintain hydration."
acariasis," Eat balanced meals,  Consume balanced diet,  Include balanced meals,  Maintain hydration."
colorectal cancer," Eat high-fiber post-recovery,  Consume balanced meals,  Include balanced diet,  Maintain hydration."
skin pigmentation disorder," Eat balanced meals,  Consume antioxidant-rich,  Include balanced diet,  Maintain hydration."
factitious disorder," Eat balanced meals,  Consume balanced diet,  Include balanced meals,  Maintain hydration."
lymphogranuloma venereum," Eat balanced meals,  Consume vitamin C,  Include balanced diet,  Maintain hydration."
galactorrhea of unknown cause," Eat balanced meals,  Consume balanced diet,  Include balanced meals,  Maintain hydration."
g6pd enzyme deficiency," Eat balanced meals,  Consume fava bean-free,  Include balanced diet,  Maintain hydration."
nerve impingement near the shoulder," Eat anti-inflammatory,  Consume B-vitamins,  Include balanced meals,  Maintain hydration."
toxoplasmosis," Eat cooked meat only,  Consume balanced meals,  Include balanced diet,  Maintain hydration."
fibroadenoma," Eat balanced meals,  Consume balanced diet,  Include balanced meals,  Maintain hydration."
open wound of the hand," Eat protein,  Consume vitamin C,  Include zinc,  Maintain balanced meals."
missed abortion," Eat iron-rich,  Consume protein,  Include balanced meals,  Maintain hydration."
diabetic ketoacidosis," Eat low-sugar after stabilization,  Consume balanced meals,  Include protein,  Maintain hydration."
granuloma inguinale," Eat balanced meals,  Consume vitamin C,  Include balanced diet,  Maintain hydration."
obsessive compulsive disorder (ocd)," Eat balanced meals,  Consume regular eating,  Include balanced diet,  Maintain hydration."
injury of the ankle," Eat protein,  Consume vitamin C,  Include calcium,  Maintain balanced meals."
hyponatremia," Eat balanced meals,  Consume sodium if prescribed,  Include balanced diet,  Maintain hydration plan."
stricture of the esophagus," Eat soft small meals,  Consume liquids with food,  Include balanced meals,  Maintain hydration."
fracture of the ankle," Eat calcium-rich,  Consume vitamin D,  Include protein,  Maintain balanced meals."
soft tissue sarcoma," Eat balanced meals,  Consume protein,  Include balanced diet,  Maintain hydration."
bone disorder," Eat calcium-rich,  Consume vitamin D,  Include balanced meals,  Maintain hydration."
epilepsy," Eat regular meals,  Consume balanced diet,  Include balanced meals,  Maintain hydration."
personality disorder," Eat regular meals,  Consume balanced diet,  Include balanced meals,  Maintain hydration."
shingles (herpes zoster)," Eat lysine-rich dairy,  Consume vitamin C,  Include balanced meals,  Maintain hydration."
tourette syndrome," Eat balanced meals,  Consume balanced diet,  Include balanced meals,  Maintain hydration."
avascular necrosis," Eat balanced meals,  Consume calcium,  Include balanced diet,  Maintain hydration."
strep throat," Eat soft foods,  Consume vitamin C,  Include balanced meals,  Maintain hydration."
spinocerebellar ataxia," Eat balanced meals,  Consume nutrient-dense,  Include balanced diet,  Maintain hydration."
osteomyelitis," Eat high-protein,  Consume vitamin C and zinc,  Include balanced meals,  Maintain hydration."
sjogren syndrome," Eat moist foods,  Consume sugar-free lemon drops,  Include balanced meals,  Maintain hydration."
adhesive capsulitis of the shoulder," Eat balanced meals,  Consume anti-inflammatory,  Include balanced diet,  Maintain hydration."
viral hepatitis," Eat balanced meals,  Consume low-fat,  Include balanced diet,  Maintain hydration."
tonsillar hypertrophy," Eat soft foods if obstructive,  Consume balanced meals,  Include balanced diet,  Maintain hydration."
gastritis," Eat small frequent meals,  Consume low-acid foods,  Include balanced meals,  Maintain hydration."
skin cancer," Eat antioxidant-rich,  Consume balanced meals,  Include balanced diet,  Maintain hydration."
rheumatic fever," Eat balanced meals,  Consume heart-healthy,  Include balanced diet,  Maintain hydration."
aphthous ulcer," Eat soft non-acidic foods,  Consume vitamin B12,  Include balanced meals,  Maintain hydration."
tonsillitis," Eat soft foods,  Consume vitamin C,  Include balanced meals,  Maintain hydration."
intestinal cancer," Eat balanced meals,  Consume high-fiber post-treatment,  Include balanced diet,  Maintain hydration."
rocky mountain spotted fever," Eat balanced meals,  Consume balanced diet,  Include balanced meals,  Maintain hydration."
stomach cancer," Eat small frequent meals,  Consume soft foods,  Include balanced meals,  Maintain hydration."
developmental disability," Eat balanced meals,  Consume nutrient-dense,  Include balanced diet,  Maintain hydration."
acute stress reaction," Eat regular meals,  Consume balanced diet,  Include balanced meals,  Maintain hydration."
delirium," Eat balanced meals,  Consume regular schedule,  Include balanced diet,  Maintain hydration."
callus," Eat balanced meals,  Consume balanced diet,  Include balanced meals,  Maintain hydration."
guillain barre syndrome," Eat balanced meals,  Consume protein,  Include balanced diet,  Maintain hydration."
lumbago," Eat anti-inflammatory,  Consume balanced meals,  Include balanced diet,  Maintain hydration."
deviated nasal septum," Eat balanced meals,  Consume balanced diet,  Include balanced meals,  Maintain hydration."
hemangioma," Eat balanced meals,  Consume balanced diet,  Include balanced meals,  Maintain hydration."
peripheral arterial disease," Eat Mediterranean diet,  Consume omega-3,  Include balanced meals,  Maintain hydration."
chronic back pain," Eat anti-inflammatory,  Consume balanced meals,  Include balanced diet,  Maintain hydration."
heart failure," Eat low-sodium,  Consume potassium-rich,  Include balanced meals,  Maintain hydration limits."
conjunctivitis," Eat balanced meals,  Consume vitamin A,  Include balanced diet,  Maintain hydration."
herniated disk," Eat anti-inflammatory,  Consume balanced meals,  Include balanced diet,  Maintain hydration."
rhabdomyolysis," Eat balanced meals,  Consume hydration-focused,  Include balanced diet,  Maintain hydration."
breast infection (mastitis)," Eat balanced meals,  Consume hydration,  Include balanced diet,  Maintain hydration."
abdominal aortic aneurysm," Eat low-sodium,  Consume heart-healthy,  Include balanced meals,  Maintain hydration."
pulmonary embolism," Eat balanced meals,  Consume balanced diet,  Include balanced meals,  Maintain hydration."
conduct disorder," Eat regular balanced meals,  Consume balanced diet,  Include balanced meals,  Maintain hydration."
mastectomy," Eat balanced meals,  Consume protein,  Include balanced diet,  Maintain hydration."
epididymitis," Eat balanced meals,  Consume vitamin C,  Include balanced diet,  Maintain hydration."
premature rupture of amniotic membrane," Eat balanced meals,  Consume balanced diet,  Include balanced meals,  Maintain hydration."
molluscum contagiosum," Eat balanced meals,  Consume balanced diet,  Include balanced meals,  Maintain hydration."
necrotizing fasciitis," Eat balanced meals post-recovery,  Consume high-protein,  Include balanced diet,  Maintain hydration."
benign vaginal discharge (leukorrhea)," Eat balanced meals,  Consume balanced diet,  Include balanced meals,  Maintain hydration."
bladder obstruction," Eat balanced meals,  Consume balanced diet,  Include balanced meals,  Maintain hydration."
melanoma," Eat antioxidant-rich berries,  Consume balanced meals,  Include balanced diet,  Maintain hydration."
cervical disorder," Eat balanced meals,  Consume balanced diet,  Include balanced meals,  Maintain hydration."
laryngitis," Eat soft foods,  Consume warm fluids,  Include balanced meals,  Maintain hydration."
dyshidrosis," Eat balanced meals,  Consume anti-inflammatory,  Include balanced diet,  Maintain hydration."
poisoning due to opioids," Eat balanced meals after recovery,  Consume balanced diet,  Include balanced meals,  Maintain hydration."
diaper rash," Eat balanced maternal diet if breastfeeding,  Consume balanced meals,  Include balanced diet,  Maintain hydration."
lichen planus," Eat balanced meals,  Consume anti-inflammatory,  Include balanced diet,  Maintain hydration."
gastroduodenal ulcer," Eat small meals,  Consume low-acid,  Include balanced meals,  Maintain hydration."
inguinal hernia," Eat high-fiber,  Consume balanced meals,  Include balanced diet,  Maintain hydration."
eczema," Eat anti-inflammatory,  Consume omega-3,  Include balanced meals,  Maintain hydration."
asperger syndrome," Eat balanced meals,  Consume balanced diet,  Include balanced meals,  Maintain hydration."
mucositis," Eat soft bland foods,  Consume nutrient shakes,  Include balanced meals,  Maintain hydration."
paronychia," Eat balanced meals,  Consume vitamin C,  Include balanced diet,  Maintain hydration."
open wound of the jaw," Eat soft foods,  Consume protein,  Include balanced meals,  Maintain hydration."
white blood cell disease," Eat balanced meals,  Consume nutrient-dense,  Include balanced diet,  Maintain hydration."
kaposi sarcoma," Eat balanced meals,  Consume balanced diet,  Include balanced meals,  Maintain hydration."
spondylolisthesis," Eat balanced meals,  Consume anti-inflammatory,  Include balanced diet,  Maintain hydration."
pseudotumor cerebri," Eat low-sodium,  Consume balanced meals,  Include balanced diet,  Maintain hydration."
conjunctivitis due to virus," Eat balanced meals,  Consume vitamin A,  Include balanced diet,  Maintain hydration."
open wound of the nose," Eat soft foods,  Consume balanced meals,  Include balanced diet,  Maintain hydration."
